date_time,8651370,8652587,8658163,8661070,8662245,8665530,8720030,8720218,8720219,8720226,8720357,8720503,8720625,8721604,8722670,8723970,8724580,8725110,8725520,8726384,8727520,8728690,8729108,8729840
2014-06-30 12:00:00,,,,,,,,,,,,,,,,,,,,,,,,
2014-06-30 12:06:00,,,,,,,,,,,,,,,,,,,,,,,,
2014-06-30 12:12:00,,,,,,,,,,,,,,,,,,,,,,,,
2014-06-30 12:18:00,,,,,,,,,,,,,,,,,,,,,,,,
2014-06-30 12:24:00,,,,,,,,,,,,,,,,,,,,,,,,
2014-06-30 12:30:00,,,,,,,,,,,,,,,,,,,,,,,,
2014-06-30 12:36:00,,,,,,,,,,,,,,,,,,,,,,,,
2014-06-30 12:42:00,,,,,,,,,,,,,,,,,,,,,,,,
2014-06-30 12:48:00,,,,,,,,,,,,,,,,,,,,,,,,
2014-06-30 12:54:00,,,,,,,,,,,,,,,,,,,,,,,,
2014-06-30 13:00:00,,,,,,,,,,,,,,,,,,,,,,,,
2014-06-30 13:06:00,,,,,,,,,,,,,,,,,,,,,,,,
2014-06-30 13:12:00,,,,,,,,,,,,,,,,,,,,,,,,
2014-06-30 13:18:00,,,,,,,,,,,,,,,,,,,,,,,,
2014-06-30 13:24:00,,,,,,,,,,,,,,,,,,,,,,,,
2014-06-30 13:30:00,,,,,,,,,,,,,,,,,,,,,,,,
2014-06-30 13:36:00,,,,,,,,,,,,,,,,,,,,,,,,
2014-06-30 13:42:00,,,,,,,,,,,,,,,,,,,,,,,,
2014-06-30 13:48:00,,,,,,,,,,,,,,,,,,,,,,,,
2014-06-30 13:54:00,,,,,,,,,,,,,,,,,,,,,,,,
2014-06-30 14:00:00,,,,,,,,,,,,,,,,,,,,,,,,
2014-06-30 14:06:00,,,,,,,,,,,,,,,,,,,,,,,,
2014-06-30 14:12:00,,,,,,,,,,,,,,,,,,,,,,,,
2014-06-30 14:18:00,,,,,,,,,,,,,,,,,,,,,,,,
2014-06-30 14:24:00,,,,,,,,,,,,,,,,,,,,,,,,
2014-06-30 14:30:00,,,,,,,,,,,,,,,,,,,,,,,,
2014-06-30 14:36:00,,,,,,,,,,,,,,,,,,,,,,,,
2014-06-30 14:42:00,,,,,,,,,,,,,,,,,,,,,,,,
2014-06-30 14:48:00,,,,,,,,,,,,,,,,,,,,,,,,
2014-06-30 14:54:00,,,,,,,,,,,,,,,,,,,,,,,,
2014-06-30 15:00:00,,,,,,,,,,,,,,,,,,,,,,,,
2014-06-30 15:06:00,,,,,,,,,,,,,,,,,,,,,,,,
2014-06-30 15:12:00,,,,,,,,,,,,,,,,,,,,,,,,
2014-06-30 15:18:00,,,,,,,,,,,,,,,,,,,,,,,,
2014-06-30 15:24:00,,,,,,,,,,,,,,,,,,,,,,,,
2014-06-30 15:30:00,,,,,,,,,,,,,,,,,,,,,,,,
2014-06-30 15:36:00,,,,,,,,,,,,,,,,,,,,,,,,
2014-06-30 15:42:00,,,,,,,,,,,,,,,,,,,,,,,,
2014-06-30 15:48:00,,,,,,,,,,,,,,,,,,,,,,,,
2014-06-30 15:54:00,,,,,,,,,,,,,,,,,,,,,,,,
2014-06-30 16:00:00,,,,,,,,,,,,,,,,,,,,,,,,
2014-06-30 16:06:00,,,,,,,,,,,,,,,,,,,,,,,,
2014-06-30 16:12:00,,,,,,,,,,,,,,,,,,,,,,,,
2014-06-30 16:18:00,,,,,,,,,,,,,,,,,,,,,,,,
2014-06-30 16:24:00,,,,,,,,,,,,,,,,,,,,,,,,
2014-06-30 16:30:00,,,,,,,,,,,,,,,,,,,,,,,,
2014-06-30 16:36:00,,,,,,,,,,,,,,,,,,,,,,,,
2014-06-30 16:42:00,,,,,,,,,,,,,,,,,,,,,,,,
2014-06-30 16:48:00,,,,,,,,,,,,,,,,,,,,,,,,
2014-06-30 16:54:00,,,,,,,,,,,,,,,,,,,,,,,,
2014-06-30 17:00:00,,,,,,,,,,,,,,,,,,,,,,,,
2014-06-30 17:06:00,,,,,,,,,,,,,,,,,,,,,,,,
2014-06-30 17:12:00,,,,,,,,,,,,,,,,,,,,,,,,
2014-06-30 17:18:00,,,,,,,,,,,,,,,,,,,,,,,,
2014-06-30 17:24:00,,,,,,,,,,,,,,,,,,,,,,,,
2014-06-30 17:30:00,,,,,,,,,,,,,,,,,,,,,,,,
2014-06-30 17:36:00,,,,,,,,,,,,,,,,,,,,,,,,
2014-06-30 17:42:00,,,,,,,,,,,,,,,,,,,,,,,,
2014-06-30 17:48:00,,,,,,,,,,,,,,,,,,,,,,,,
2014-06-30 17:54:00,,,,,,,,,,,,,,,,,,,,,,,,
2014-06-30 18:00:00,,,,,,,,,,,,,,,,,,,,,,,,
2014-06-30 18:06:00,,,,,,,,,,,,,,,,,,,,,,,,
2014-06-30 18:12:00,,,,,,,,,,,,,,,,,,,,,,,,
2014-06-30 18:18:00,,,,,,,,,,,,,,,,,,,,,,,,
2014-06-30 18:24:00,,,,,,,,,,,,,,,,,,,,,,,,
2014-06-30 18:30:00,,,,,,,,,,,,,,,,,,,,,,,,
2014-06-30 18:36:00,,,,,,,,,,,,,,,,,,,,,,,,
2014-06-30 18:42:00,,,,,,,,,,,,,,,,,,,,,,,,
2014-06-30 18:48:00,,,,,,,,,,,,,,,,,,,,,,,,
2014-06-30 18:54:00,,,,,,,,,,,,,,,,,,,,,,,,
2014-06-30 19:00:00,,,,,,,,,,,,,,,,,,,,,,,,
2014-06-30 19:06:00,,,,,,,,,,,,,,,,,,,,,,,,
2014-06-30 19:12:00,,,,,,,,,,,,,,,,,,,,,,,,
2014-06-30 19:18:00,,,,,,,,,,,,,,,,,,,,,,,,
2014-06-30 19:24:00,,,,,,,,,,,,,,,,,,,,,,,,
2014-06-30 19:30:00,,,,,,,,,,,,,,,,,,,,,,,,
2014-06-30 19:36:00,,,,,,,,,,,,,,,,,,,,,,,,
2014-06-30 19:42:00,,,,,,,,,,,,,,,,,,,,,,,,
2014-06-30 19:48:00,,,,,,,,,,,,,,,,,,,,,,,,
2014-06-30 19:54:00,,,,,,,,,,,,,,,,,,,,,,,,
2014-06-30 20:00:00,,,,,,,,,,,,,,,,,,,,,,,,
2014-06-30 20:06:00,,,,,,,,,,,,,,,,,,,,,,,,
2014-06-30 20:12:00,,,,,,,,,,,,,,,,,,,,,,,,
2014-06-30 20:18:00,,,,,,,,,,,,,,,,,,,,,,,,
2014-06-30 20:24:00,,,,,,,,,,,,,,,,,,,,,,,,
2014-06-30 20:30:00,,,,,,,,,,,,,,,,,,,,,,,,
2014-06-30 20:36:00,,,,,,,,,,,,,,,,,,,,,,,,
2014-06-30 20:42:00,,,,,,,,,,,,,,,,,,,,,,,,
2014-06-30 20:48:00,,,,,,,,,,,,,,,,,,,,,,,,
2014-06-30 20:54:00,,,,,,,,,,,,,,,,,,,,,,,,
2014-06-30 21:00:00,,,,,,,,,,,,,,,,,,,,,,,,
2014-06-30 21:06:00,,,,,,,,,,,,,,,,,,,,,,,,
2014-06-30 21:12:00,,,,,,,,,,,,,,,,,,,,,,,,
2014-06-30 21:18:00,,,,,,,,,,,,,,,,,,,,,,,,
2014-06-30 21:24:00,,,,,,,,,,,,,,,,,,,,,,,,
2014-06-30 21:30:00,,,,,,,,,,,,,,,,,,,,,,,,
2014-06-30 21:36:00,,,,,,,,,,,,,,,,,,,,,,,,
2014-06-30 21:42:00,,,,,,,,,,,,,,,,,,,,,,,,
2014-06-30 21:48:00,,,,,,,,,,,,,,,,,,,,,,,,
2014-06-30 21:54:00,,,,,,,,,,,,,,,,,,,,,,,,
2014-06-30 22:00:00,,,,,,,,,,,,,,,,,,,,,,,,
2014-06-30 22:06:00,,,,,,,,,,,,,,,,,,,,,,,,
2014-06-30 22:12:00,,,,,,,,,,,,,,,,,,,,,,,,
2014-06-30 22:18:00,,,,,,,,,,,,,,,,,,,,,,,,
2014-06-30 22:24:00,,,,,,,,,,,,,,,,,,,,,,,,
2014-06-30 22:30:00,,,,,,,,,,,,,,,,,,,,,,,,
2014-06-30 22:36:00,,,,,,,,,,,,,,,,,,,,,,,,
2014-06-30 22:42:00,,,,,,,,,,,,,,,,,,,,,,,,
2014-06-30 22:48:00,,,,,,,,,,,,,,,,,,,,,,,,
2014-06-30 22:54:00,,,,,,,,,,,,,,,,,,,,,,,,
2014-06-30 23:00:00,,,,,,,,,,,,,,,,,,,,,,,,
2014-06-30 23:06:00,,,,,,,,,,,,,,,,,,,,,,,,
2014-06-30 23:12:00,,,,,,,,,,,,,,,,,,,,,,,,
2014-06-30 23:18:00,,,,,,,,,,,,,,,,,,,,,,,,
2014-06-30 23:24:00,,,,,,,,,,,,,,,,,,,,,,,,
2014-06-30 23:30:00,,,,,,,,,,,,,,,,,,,,,,,,
2014-06-30 23:36:00,,,,,,,,,,,,,,,,,,,,,,,,
2014-06-30 23:42:00,,,,,,,,,,,,,,,,,,,,,,,,
2014-06-30 23:48:00,,,,,,,,,,,,,,,,,,,,,,,,
2014-06-30 23:54:00,,,,,,,,,,,,,,,,,,,,,,,,
2014-07-01 00:00:00,,,,,,,,,,,,,,,,,,,,,,,,
2014-07-01 00:06:00,,,,,,,,,,,,,,,,,,,,,,,,
2014-07-01 00:12:00,,,,,,,,,,,,,,,,,,,,,,,,
2014-07-01 00:18:00,,,,,,,,,,,,,,,,,,,,,,,,
2014-07-01 00:24:00,,,,,,,,,,,,,,,,,,,,,,,,
2014-07-01 00:30:00,,,,,,,,,,,,,,,,,,,,,,,,
2014-07-01 00:36:00,,,,,,,,,,,,,,,,,,,,,,,,
2014-07-01 00:42:00,,,,,,,,,,,,,,,,,,,,,,,,
2014-07-01 00:48:00,,,,,,,,,,,,,,,,,,,,,,,,
2014-07-01 00:54:00,,,,,,,,,,,,,,,,,,,,,,,,
2014-07-01 01:00:00,,,,,,,,,,,,,,,,,,,,,,,,
2014-07-01 01:06:00,,,,,,,,,,,,,,,,,,,,,,,,
2014-07-01 01:12:00,,,,,,,,,,,,,,,,,,,,,,,,
2014-07-01 01:18:00,,,,,,,,,,,,,,,,,,,,,,,,
2014-07-01 01:24:00,,,,,,,,,,,,,,,,,,,,,,,,
2014-07-01 01:30:00,,,,,,,,,,,,,,,,,,,,,,,,
2014-07-01 01:36:00,,,,,,,,,,,,,,,,,,,,,,,,
2014-07-01 01:42:00,,,,,,,,,,,,,,,,,,,,,,,,
2014-07-01 01:48:00,,,,,,,,,,,,,,,,,,,,,,,,
2014-07-01 01:54:00,,,,,,,,,,,,,,,,,,,,,,,,
2014-07-01 02:00:00,,,,,,,,,,,,,,,,,,,,,,,,
2014-07-01 02:06:00,,,,,,,,,,,,,,,,,,,,,,,,
2014-07-01 02:12:00,,,,,,,,,,,,,,,,,,,,,,,,
2014-07-01 02:18:00,,,,,,,,,,,,,,,,,,,,,,,,
2014-07-01 02:24:00,,,,,,,,,,,,,,,,,,,,,,,,
2014-07-01 02:30:00,,,,,,,,,,,,,,,,,,,,,,,,
2014-07-01 02:36:00,,,,,,,,,,,,,,,,,,,,,,,,
2014-07-01 02:42:00,,,,,,,,,,,,,,,,,,,,,,,,
2014-07-01 02:48:00,,,,,,,,,,,,,,,,,,,,,,,,
2014-07-01 02:54:00,,,,,,,,,,,,,,,,,,,,,,,,
2014-07-01 03:00:00,,,,,,,,,,,,,,,,,,,,,,,,
2014-07-01 03:06:00,,,,,,,,,,,,,,,,,,,,,,,,
2014-07-01 03:12:00,,,,,,,,,,,,,,,,,,,,,,,,
2014-07-01 03:18:00,,,,,,,,,,,,,,,,,,,,,,,,
2014-07-01 03:24:00,,,,,,,,,,,,,,,,,,,,,,,,
2014-07-01 03:30:00,,,,,,,,,,,,,,,,,,,,,,,,
2014-07-01 03:36:00,,,,,,,,,,,,,,,,,,,,,,,,
2014-07-01 03:42:00,,,,,,,,,,,,,,,,,,,,,,,,
2014-07-01 03:48:00,,,,,,,,,,,,,,,,,,,,,,,,
2014-07-01 03:54:00,,,,,,,,,,,,,,,,,,,,,,,,
2014-07-01 04:00:00,,,,,,,,,,,,,,,,,,,,,,,,
2014-07-01 04:06:00,,,,,,,,,,,,,,,,,,,,,,,,
2014-07-01 04:12:00,,,,,,,,,,,,,,,,,,,,,,,,
2014-07-01 04:18:00,,,,,,,,,,,,,,,,,,,,,,,,
2014-07-01 04:24:00,,,,,,,,,,,,,,,,,,,,,,,,
2014-07-01 04:30:00,,,,,,,,,,,,,,,,,,,,,,,,
2014-07-01 04:36:00,,,,,,,,,,,,,,,,,,,,,,,,
2014-07-01 04:42:00,,,,,,,,,,,,,,,,,,,,,,,,
2014-07-01 04:48:00,,,,,,,,,,,,,,,,,,,,,,,,
2014-07-01 04:54:00,,,,,,,,,,,,,,,,,,,,,,,,
2014-07-01 05:00:00,,,,,,,,,,,,,,,,,,,,,,,,
2014-07-01 05:06:00,,,,,,,,,,,,,,,,,,,,,,,,
2014-07-01 05:12:00,,,,,,,,,,,,,,,,,,,,,,,,
2014-07-01 05:18:00,,,,,,,,,,,,,,,,,,,,,,,,
2014-07-01 05:24:00,,,,,,,,,,,,,,,,,,,,,,,,
2014-07-01 05:30:00,,,,,,,,,,,,,,,,,,,,,,,,
2014-07-01 05:36:00,,,,,,,,,,,,,,,,,,,,,,,,
2014-07-01 05:42:00,,,,,,,,,,,,,,,,,,,,,,,,
2014-07-01 05:48:00,,,,,,,,,,,,,,,,,,,,,,,,
2014-07-01 05:54:00,,,,,,,,,,,,,,,,,,,,,,,,
2014-07-01 06:00:00,,,,,,,,,,,,,,,,,,,,,,,,
2014-07-01 06:06:00,,,,,,,,,,,,,,,,,,,,,,,,
2014-07-01 06:12:00,,,,,,,,,,,,,,,,,,,,,,,,
2014-07-01 06:18:00,,,,,,,,,,,,,,,,,,,,,,,,
2014-07-01 06:24:00,,,,,,,,,,,,,,,,,,,,,,,,
2014-07-01 06:30:00,,,,,,,,,,,,,,,,,,,,,,,,
2014-07-01 06:36:00,,,,,,,,,,,,,,,,,,,,,,,,
2014-07-01 06:42:00,,,,,,,,,,,,,,,,,,,,,,,,
2014-07-01 06:48:00,,,,,,,,,,,,,,,,,,,,,,,,
2014-07-01 06:54:00,,,,,,,,,,,,,,,,,,,,,,,,
2014-07-01 07:00:00,,,,,,,,,,,,,,,,,,,,,,,,
2014-07-01 07:06:00,,,,,,,,,,,,,,,,,,,,,,,,
2014-07-01 07:12:00,,,,,,,,,,,,,,,,,,,,,,,,
2014-07-01 07:18:00,,,,,,,,,,,,,,,,,,,,,,,,
2014-07-01 07:24:00,,,,,,,,,,,,,,,,,,,,,,,,
2014-07-01 07:30:00,,,,,,,,,,,,,,,,,,,,,,,,
2014-07-01 07:36:00,,,,,,,,,,,,,,,,,,,,,,,,
2014-07-01 07:42:00,,,,,,,,,,,,,,,,,,,,,,,,
2014-07-01 07:48:00,,,,,,,,,,,,,,,,,,,,,,,,
2014-07-01 07:54:00,,,,,,,,,,,,,,,,,,,,,,,,
2014-07-01 08:00:00,,,,,,,,,,,,,,,,,,,,,,,,
2014-07-01 08:06:00,,,,,,,,,,,,,,,,,,,,,,,,
2014-07-01 08:12:00,,,,,,,,,,,,,,,,,,,,,,,,
2014-07-01 08:18:00,,,,,,,,,,,,,,,,,,,,,,,,
2014-07-01 08:24:00,,,,,,,,,,,,,,,,,,,,,,,,
2014-07-01 08:30:00,,,,,,,,,,,,,,,,,,,,,,,,
2014-07-01 08:36:00,,,,,,,,,,,,,,,,,,,,,,,,
2014-07-01 08:42:00,,,,,,,,,,,,,,,,,,,,,,,,
2014-07-01 08:48:00,,,,,,,,,,,,,,,,,,,,,,,,
2014-07-01 08:54:00,,,,,,,,,,,,,,,,,,,,,,,,
2014-07-01 09:00:00,,,,,,,,,,,,,,,,,,,,,,,,
2014-07-01 09:06:00,,,,,,,,,,,,,,,,,,,,,,,,
2014-07-01 09:12:00,,,,,,,,,,,,,,,,,,,,,,,,
2014-07-01 09:18:00,,,,,,,,,,,,,,,,,,,,,,,,
2014-07-01 09:24:00,,,,,,,,,,,,,,,,,,,,,,,,
2014-07-01 09:30:00,,,,,,,,,,,,,,,,,,,,,,,,
2014-07-01 09:36:00,,,,,,,,,,,,,,,,,,,,,,,,
2014-07-01 09:42:00,,,,,,,,,,,,,,,,,,,,,,,,
2014-07-01 09:48:00,,,,,,,,,,,,,,,,,,,,,,,,
2014-07-01 09:54:00,,,,,,,,,,,,,,,,,,,,,,,,
2014-07-01 10:00:00,,,,,,,,,,,,,,,,,,,,,,,,
2014-07-01 10:06:00,,,,,,,,,,,,,,,,,,,,,,,,
2014-07-01 10:12:00,,,,,,,,,,,,,,,,,,,,,,,,
2014-07-01 10:18:00,,,,,,,,,,,,,,,,,,,,,,,,
2014-07-01 10:24:00,,,,,,,,,,,,,,,,,,,,,,,,
2014-07-01 10:30:00,,,,,,,,,,,,,,,,,,,,,,,,
2014-07-01 10:36:00,,,,,,,,,,,,,,,,,,,,,,,,
2014-07-01 10:42:00,,,,,,,,,,,,,,,,,,,,,,,,
2014-07-01 10:48:00,,,,,,,,,,,,,,,,,,,,,,,,
2014-07-01 10:54:00,,,,,,,,,,,,,,,,,,,,,,,,
2014-07-01 11:00:00,,,,,,,,,,,,,,,,,,,,,,,,
2014-07-01 11:06:00,,,,,,,,,,,,,,,,,,,,,,,,
2014-07-01 11:12:00,,,,,,,,,,,,,,,,,,,,,,,,
2014-07-01 11:18:00,,,,,,,,,,,,,,,,,,,,,,,,
2014-07-01 11:24:00,,,,,,,,,,,,,,,,,,,,,,,,
2014-07-01 11:30:00,,,,,,,,,,,,,,,,,,,,,,,,
2014-07-01 11:36:00,,,,,,,,,,,,,,,,,,,,,,,,
2014-07-01 11:42:00,,,,,,,,,,,,,,,,,,,,,,,,
2014-07-01 11:48:00,,,,,,,,,,,,,,,,,,,,,,,,
2014-07-01 11:54:00,,,,,,,,,,,,,,,,,,,,,,,,
2014-07-01 12:00:00,,,,,,,,,,,,,,,,,,,,,,,,
2014-07-01 12:06:00,,,,,,,,,,,,,,,,,,,,,,,,
2014-07-01 12:12:00,,,,,,,,,,,,,,,,,,,,,,,,
2014-07-01 12:18:00,,,,,,,,,,,,,,,,,,,,,,,,
2014-07-01 12:24:00,,,,,,,,,,,,,,,,,,,,,,,,
2014-07-01 12:30:00,,,,,,,,,,,,,,,,,,,,,,,,
2014-07-01 12:36:00,,,,,,,,,,,,,,,,,,,,,,,,
2014-07-01 12:42:00,,,,,,,,,,,,,,,,,,,,,,,,
2014-07-01 12:48:00,,,,,,,,,,,,,,,,,,,,,,,,
2014-07-01 12:54:00,,,,,,,,,,,,,,,,,,,,,,,,
2014-07-01 13:00:00,,,,,,,,,,,,,,,,,,,,,,,,
2014-07-01 13:06:00,,,,,,,,,,,,,,,,,,,,,,,,
2014-07-01 13:12:00,,,,,,,,,,,,,,,,,,,,,,,,
2014-07-01 13:18:00,,,,,,,,,,,,,,,,,,,,,,,,
2014-07-01 13:24:00,,,,,,,,,,,,,,,,,,,,,,,,
2014-07-01 13:30:00,,,,,,,,,,,,,,,,,,,,,,,,
2014-07-01 13:36:00,,,,,,,,,,,,,,,,,,,,,,,,
2014-07-01 13:42:00,,,,,,,,,,,,,,,,,,,,,,,,
2014-07-01 13:48:00,,,,,,,,,,,,,,,,,,,,,,,,
2014-07-01 13:54:00,,,,,,,,,,,,,,,,,,,,,,,,
2014-07-01 14:00:00,,,,,,,,,,,,,,,,,,,,,,,,
2014-07-01 14:06:00,,,,,,,,,,,,,,,,,,,,,,,,
2014-07-01 14:12:00,,,,,,,,,,,,,,,,,,,,,,,,
2014-07-01 14:18:00,,,,,,,,,,,,,,,,,,,,,,,,
2014-07-01 14:24:00,,,,,,,,,,,,,,,,,,,,,,,,
2014-07-01 14:30:00,,,,,,,,,,,,,,,,,,,,,,,,
2014-07-01 14:36:00,,,,,,,,,,,,,,,,,,,,,,,,
2014-07-01 14:42:00,,,,,,,,,,,,,,,,,,,,,,,,
2014-07-01 14:48:00,,,,,,,,,,,,,,,,,,,,,,,,
2014-07-01 14:54:00,,,,,,,,,,,,,,,,,,,,,,,,
2014-07-01 15:00:00,,,,,,,,,,,,,,,,,,,,,,,,
2014-07-01 15:06:00,,,,,,,,,,,,,,,,,,,,,,,,
2014-07-01 15:12:00,,,,,,,,,,,,,,,,,,,,,,,,
2014-07-01 15:18:00,,,,,,,,,,,,,,,,,,,,,,,,
2014-07-01 15:24:00,,,,,,,,,,,,,,,,,,,,,,,,
2014-07-01 15:30:00,,,,,,,,,,,,,,,,,,,,,,,,
2014-07-01 15:36:00,,,,,,,,,,,,,,,,,,,,,,,,
2014-07-01 15:42:00,,,,,,,,,,,,,,,,,,,,,,,,
2014-07-01 15:48:00,,,,,,,,,,,,,,,,,,,,,,,,
2014-07-01 15:54:00,,,,,,,,,,,,,,,,,,,,,,,,
2014-07-01 16:00:00,,,,,,,,,,,,,,,,,,,,,,,,
2014-07-01 16:06:00,,,,,,,,,,,,,,,,,,,,,,,,
2014-07-01 16:12:00,,,,,,,,,,,,,,,,,,,,,,,,
2014-07-01 16:18:00,,,,,,,,,,,,,,,,,,,,,,,,
2014-07-01 16:24:00,,,,,,,,,,,,,,,,,,,,,,,,
2014-07-01 16:30:00,,,,,,,,,,,,,,,,,,,,,,,,
2014-07-01 16:36:00,,,,,,,,,,,,,,,,,,,,,,,,
2014-07-01 16:42:00,,,,,,,,,,,,,,,,,,,,,,,,
2014-07-01 16:48:00,,,,,,,,,,,,,,,,,,,,,,,,
2014-07-01 16:54:00,,,,,,,,,,,,,,,,,,,,,,,,
2014-07-01 17:00:00,,,,,,,,,,,,,,,,,,,,,,,,
2014-07-01 17:06:00,,,,,,,,,,,,,,,,,,,,,,,,
2014-07-01 17:12:00,,,,,,,,,,,,,,,,,,,,,,,,
2014-07-01 17:18:00,,,,,,,,,,,,,,,,,,,,,,,,
2014-07-01 17:24:00,,,,,,,,,,,,,,,,,,,,,,,,
2014-07-01 17:30:00,,,,,,,,,,,,,,,,,,,,,,,,
2014-07-01 17:36:00,,,,,,,,,,,,,,,,,,,,,,,,
2014-07-01 17:42:00,,,,,,,,,,,,,,,,,,,,,,,,
2014-07-01 17:48:00,,,,,,,,,,,,,,,,,,,,,,,,
2014-07-01 17:54:00,,,,,,,,,,,,,,,,,,,,,,,,
2014-07-01 18:00:00,,,,,,,,,,,,,,,,,,,,,,,,
2014-07-01 18:06:00,,,,,,,,,,,,,,,,,,,,,,,,
2014-07-01 18:12:00,,,,,,,,,,,,,,,,,,,,,,,,
2014-07-01 18:18:00,,,,,,,,,,,,,,,,,,,,,,,,
2014-07-01 18:24:00,,,,,,,,,,,,,,,,,,,,,,,,
2014-07-01 18:30:00,,,,,,,,,,,,,,,,,,,,,,,,
2014-07-01 18:36:00,,,,,,,,,,,,,,,,,,,,,,,,
2014-07-01 18:42:00,,,,,,,,,,,,,,,,,,,,,,,,
2014-07-01 18:48:00,,,,,,,,,,,,,,,,,,,,,,,,
2014-07-01 18:54:00,,,,,,,,,,,,,,,,,,,,,,,,
2014-07-01 19:00:00,,,,,,,,,,,,,,,,,,,,,,,,
2014-07-01 19:06:00,,,,,,,,,,,,,,,,,,,,,,,,
2014-07-01 19:12:00,,,,,,,,,,,,,,,,,,,,,,,,
2014-07-01 19:18:00,,,,,,,,,,,,,,,,,,,,,,,,
2014-07-01 19:24:00,,,,,,,,,,,,,,,,,,,,,,,,
2014-07-01 19:30:00,,,,,,,,,,,,,,,,,,,,,,,,
2014-07-01 19:36:00,,,,,,,,,,,,,,,,,,,,,,,,
2014-07-01 19:42:00,,,,,,,,,,,,,,,,,,,,,,,,
2014-07-01 19:48:00,,,,,,,,,,,,,,,,,,,,,,,,
2014-07-01 19:54:00,,,,,,,,,,,,,,,,,,,,,,,,
2014-07-01 20:00:00,,,,,,,,,,,,,,,,,,,,,,,,
2014-07-01 20:06:00,,,,,,,,,,,,,,,,,,,,,,,,
2014-07-01 20:12:00,,,,,,,,,,,,,,,,,,,,,,,,
2014-07-01 20:18:00,,,,,,,,,,,,,,,,,,,,,,,,
2014-07-01 20:24:00,,,,,,,,,,,,,,,,,,,,,,,,
2014-07-01 20:30:00,,,,,,,,,,,,,,,,,,,,,,,,
2014-07-01 20:36:00,,,,,,,,,,,,,,,,,,,,,,,,
2014-07-01 20:42:00,,,,,,,,,,,,,,,,,,,,,,,,
2014-07-01 20:48:00,,,,,,,,,,,,,,,,,,,,,,,,
2014-07-01 20:54:00,,,,,,,,,,,,,,,,,,,,,,,,
2014-07-01 21:00:00,,,,,,,,,,,,,,,,,,,,,,,,
2014-07-01 21:06:00,,,,,,,,,,,,,,,,,,,,,,,,
2014-07-01 21:12:00,,,,,,,,,,,,,,,,,,,,,,,,
2014-07-01 21:18:00,,,,,,,,,,,,,,,,,,,,,,,,
2014-07-01 21:24:00,,,,,,,,,,,,,,,,,,,,,,,,
2014-07-01 21:30:00,,,,,,,,,,,,,,,,,,,,,,,,
2014-07-01 21:36:00,,,,,,,,,,,,,,,,,,,,,,,,
2014-07-01 21:42:00,,,,,,,,,,,,,,,,,,,,,,,,
2014-07-01 21:48:00,,,,,,,,,,,,,,,,,,,,,,,,
2014-07-01 21:54:00,,,,,,,,,,,,,,,,,,,,,,,,
2014-07-01 22:00:00,,,,,,,,,,,,,,,,,,,,,,,,
2014-07-01 22:06:00,,,,,,,,,,,,,,,,,,,,,,,,
2014-07-01 22:12:00,,,,,,,,,,,,,,,,,,,,,,,,
2014-07-01 22:18:00,,,,,,,,,,,,,,,,,,,,,,,,
2014-07-01 22:24:00,,,,,,,,,,,,,,,,,,,,,,,,
2014-07-01 22:30:00,,,,,,,,,,,,,,,,,,,,,,,,
2014-07-01 22:36:00,,,,,,,,,,,,,,,,,,,,,,,,
2014-07-01 22:42:00,,,,,,,,,,,,,,,,,,,,,,,,
2014-07-01 22:48:00,,,,,,,,,,,,,,,,,,,,,,,,
2014-07-01 22:54:00,,,,,,,,,,,,,,,,,,,,,,,,
2014-07-01 23:00:00,,,,,,,,,,,,,,,,,,,,,,,,
2014-07-01 23:06:00,,,,,,,,,,,,,,,,,,,,,,,,
2014-07-01 23:12:00,,,,,,,,,,,,,,,,,,,,,,,,
2014-07-01 23:18:00,,,,,,,,,,,,,,,,,,,,,,,,
2014-07-01 23:24:00,,,,,,,,,,,,,,,,,,,,,,,,
2014-07-01 23:30:00,,,,,,,,,,,,,,,,,,,,,,,,
2014-07-01 23:36:00,,,,,,,,,,,,,,,,,,,,,,,,
2014-07-01 23:42:00,,,,,,,,,,,,,,,,,,,,,,,,
2014-07-01 23:48:00,,,,,,,,,,,,,,,,,,,,,,,,
2014-07-01 23:54:00,,,,,,,,,,,,,,,,,,,,,,,,
2014-07-02 00:00:00,,,,,,,,,,,,,,,,,,,,,,,,
2014-07-02 00:06:00,,,,,,,,,,,,,,,,,,,,,,,,
2014-07-02 00:12:00,,,,,,,,,,,,,,,,,,,,,,,,
2014-07-02 00:18:00,,,,,,,,,,,,,,,,,,,,,,,,
2014-07-02 00:24:00,,,,,,,,,,,,,,,,,,,,,,,,
2014-07-02 00:30:00,,,,,,,,,,,,,,,,,,,,,,,,
2014-07-02 00:36:00,,,,,,,,,,,,,,,,,,,,,,,,
2014-07-02 00:42:00,,,,,,,,,,,,,,,,,,,,,,,,
2014-07-02 00:48:00,,,,,,,,,,,,,,,,,,,,,,,,
2014-07-02 00:54:00,,,,,,,,,,,,,,,,,,,,,,,,
2014-07-02 01:00:00,,,,,,,,,,,,,,,,,,,,,,,,
2014-07-02 01:06:00,,,,,,,,,,,,,,,,,,,,,,,,
2014-07-02 01:12:00,,,,,,,,,,,,,,,,,,,,,,,,
2014-07-02 01:18:00,,,,,,,,,,,,,,,,,,,,,,,,
2014-07-02 01:24:00,,,,,,,,,,,,,,,,,,,,,,,,
2014-07-02 01:30:00,,,,,,,,,,,,,,,,,,,,,,,,
2014-07-02 01:36:00,,,,,,,,,,,,,,,,,,,,,,,,
2014-07-02 01:42:00,,,,,,,,,,,,,,,,,,,,,,,,
2014-07-02 01:48:00,,,,,,,,,,,,,,,,,,,,,,,,
2014-07-02 01:54:00,,,,,,,,,,,,,,,,,,,,,,,,
2014-07-02 02:00:00,,,,,,,,,,,,,,,,,,,,,,,,
2014-07-02 02:06:00,,,,,,,,,,,,,,,,,,,,,,,,
2014-07-02 02:12:00,,,,,,,,,,,,,,,,,,,,,,,,
2014-07-02 02:18:00,,,,,,,,,,,,,,,,,,,,,,,,
2014-07-02 02:24:00,,,,,,,,,,,,,,,,,,,,,,,,
2014-07-02 02:30:00,,,,,,,,,,,,,,,,,,,,,,,,
2014-07-02 02:36:00,,,,,,,,,,,,,,,,,,,,,,,,
2014-07-02 02:42:00,,,,,,,,,,,,,,,,,,,,,,,,
2014-07-02 02:48:00,,,,,,,,,,,,,,,,,,,,,,,,
2014-07-02 02:54:00,,,,,,,,,,,,,,,,,,,,,,,,
2014-07-02 03:00:00,,,,,,,,,,,,,,,,,,,,,,,,
2014-07-02 03:06:00,,,,,,,,,,,,,,,,,,,,,,,,
2014-07-02 03:12:00,,,,,,,,,,,,,,,,,,,,,,,,
2014-07-02 03:18:00,,,,,,,,,,,,,,,,,,,,,,,,
2014-07-02 03:24:00,,,,,,,,,,,,,,,,,,,,,,,,
2014-07-02 03:30:00,,,,,,,,,,,,,,,,,,,,,,,,
2014-07-02 03:36:00,,,,,,,,,,,,,,,,,,,,,,,,
2014-07-02 03:42:00,,,,,,,,,,,,,,,,,,,,,,,,
2014-07-02 03:48:00,,,,,,,,,,,,,,,,,,,,,,,,
2014-07-02 03:54:00,,,,,,,,,,,,,,,,,,,,,,,,
2014-07-02 04:00:00,,,,,,,,,,,,,,,,,,,,,,,,
2014-07-02 04:06:00,,,,,,,,,,,,,,,,,,,,,,,,
2014-07-02 04:12:00,,,,,,,,,,,,,,,,,,,,,,,,
2014-07-02 04:18:00,,,,,,,,,,,,,,,,,,,,,,,,
2014-07-02 04:24:00,,,,,,,,,,,,,,,,,,,,,,,,
2014-07-02 04:30:00,,,,,,,,,,,,,,,,,,,,,,,,
2014-07-02 04:36:00,,,,,,,,,,,,,,,,,,,,,,,,
2014-07-02 04:42:00,,,,,,,,,,,,,,,,,,,,,,,,
2014-07-02 04:48:00,,,,,,,,,,,,,,,,,,,,,,,,
2014-07-02 04:54:00,,,,,,,,,,,,,,,,,,,,,,,,
2014-07-02 05:00:00,,,,,,,,,,,,,,,,,,,,,,,,
2014-07-02 05:06:00,,,,,,,,,,,,,,,,,,,,,,,,
2014-07-02 05:12:00,,,,,,,,,,,,,,,,,,,,,,,,
2014-07-02 05:18:00,,,,,,,,,,,,,,,,,,,,,,,,
2014-07-02 05:24:00,,,,,,,,,,,,,,,,,,,,,,,,
2014-07-02 05:30:00,,,,,,,,,,,,,,,,,,,,,,,,
2014-07-02 05:36:00,,,,,,,,,,,,,,,,,,,,,,,,
2014-07-02 05:42:00,,,,,,,,,,,,,,,,,,,,,,,,
2014-07-02 05:48:00,,,,,,,,,,,,,,,,,,,,,,,,
2014-07-02 05:54:00,,,,,,,,,,,,,,,,,,,,,,,,
2014-07-02 06:00:00,,,,,,,,,,,,,,,,,,,,,,,,
2014-07-02 06:06:00,,,,,,,,,,,,,,,,,,,,,,,,
2014-07-02 06:12:00,,,,,,,,,,,,,,,,,,,,,,,,
2014-07-02 06:18:00,,,,,,,,,,,,,,,,,,,,,,,,
2014-07-02 06:24:00,,,,,,,,,,,,,,,,,,,,,,,,
2014-07-02 06:30:00,,,,,,,,,,,,,,,,,,,,,,,,
2014-07-02 06:36:00,,,,,,,,,,,,,,,,,,,,,,,,
2014-07-02 06:42:00,,,,,,,,,,,,,,,,,,,,,,,,
2014-07-02 06:48:00,,,,,,,,,,,,,,,,,,,,,,,,
2014-07-02 06:54:00,,,,,,,,,,,,,,,,,,,,,,,,
2014-07-02 07:00:00,,,,,,,,,,,,,,,,,,,,,,,,
2014-07-02 07:06:00,,,,,,,,,,,,,,,,,,,,,,,,
2014-07-02 07:12:00,,,,,,,,,,,,,,,,,,,,,,,,
2014-07-02 07:18:00,,,,,,,,,,,,,,,,,,,,,,,,
2014-07-02 07:24:00,,,,,,,,,,,,,,,,,,,,,,,,
2014-07-02 07:30:00,,,,,,,,,,,,,,,,,,,,,,,,
2014-07-02 07:36:00,,,,,,,,,,,,,,,,,,,,,,,,
2014-07-02 07:42:00,,,,,,,,,,,,,,,,,,,,,,,,
2014-07-02 07:48:00,,,,,,,,,,,,,,,,,,,,,,,,
2014-07-02 07:54:00,,,,,,,,,,,,,,,,,,,,,,,,
2014-07-02 08:00:00,,,,,,,,,,,,,,,,,,,,,,,,
2014-07-02 08:06:00,,,,,,,,,,,,,,,,,,,,,,,,
2014-07-02 08:12:00,,,,,,,,,,,,,,,,,,,,,,,,
2014-07-02 08:18:00,,,,,,,,,,,,,,,,,,,,,,,,
2014-07-02 08:24:00,,,,,,,,,,,,,,,,,,,,,,,,
2014-07-02 08:30:00,,,,,,,,,,,,,,,,,,,,,,,,
2014-07-02 08:36:00,,,,,,,,,,,,,,,,,,,,,,,,
2014-07-02 08:42:00,,,,,,,,,,,,,,,,,,,,,,,,
2014-07-02 08:48:00,,,,,,,,,,,,,,,,,,,,,,,,
2014-07-02 08:54:00,,,,,,,,,,,,,,,,,,,,,,,,
2014-07-02 09:00:00,,,,,,,,,,,,,,,,,,,,,,,,
2014-07-02 09:06:00,,,,,,,,,,,,,,,,,,,,,,,,
2014-07-02 09:12:00,,,,,,,,,,,,,,,,,,,,,,,,
2014-07-02 09:18:00,,,,,,,,,,,,,,,,,,,,,,,,
2014-07-02 09:24:00,,,,,,,,,,,,,,,,,,,,,,,,
2014-07-02 09:30:00,,,,,,,,,,,,,,,,,,,,,,,,
2014-07-02 09:36:00,,,,,,,,,,,,,,,,,,,,,,,,
2014-07-02 09:42:00,,,,,,,,,,,,,,,,,,,,,,,,
2014-07-02 09:48:00,,,,,,,,,,,,,,,,,,,,,,,,
2014-07-02 09:54:00,,,,,,,,,,,,,,,,,,,,,,,,
2014-07-02 10:00:00,,,,,,,,,,,,,,,,,,,,,,,,
2014-07-02 10:06:00,,,,,,,,,,,,,,,,,,,,,,,,
2014-07-02 10:12:00,,,,,,,,,,,,,,,,,,,,,,,,
2014-07-02 10:18:00,,,,,,,,,,,,,,,,,,,,,,,,
2014-07-02 10:24:00,,,,,,,,,,,,,,,,,,,,,,,,
2014-07-02 10:30:00,,,,,,,,,,,,,,,,,,,,,,,,
2014-07-02 10:36:00,,,,,,,,,,,,,,,,,,,,,,,,
2014-07-02 10:42:00,,,,,,,,,,,,,,,,,,,,,,,,
2014-07-02 10:48:00,,,,,,,,,,,,,,,,,,,,,,,,
2014-07-02 10:54:00,,,,,,,,,,,,,,,,,,,,,,,,
2014-07-02 11:00:00,,,,,,,,,,,,,,,,,,,,,,,,
2014-07-02 11:06:00,,,,,,,,,,,,,,,,,,,,,,,,
2014-07-02 11:12:00,,,,,,,,,,,,,,,,,,,,,,,,
2014-07-02 11:18:00,,,,,,,,,,,,,,,,,,,,,,,,
2014-07-02 11:24:00,,,,,,,,,,,,,,,,,,,,,,,,
2014-07-02 11:30:00,,,,,,,,,,,,,,,,,,,,,,,,
2014-07-02 11:36:00,,,,,,,,,,,,,,,,,,,,,,,,
2014-07-02 11:42:00,,,,,,,,,,,,,,,,,,,,,,,,
2014-07-02 11:48:00,,,,,,,,,,,,,,,,,,,,,,,,
2014-07-02 11:54:00,,,,,,,,,,,,,,,,,,,,,,,,
2014-07-02 12:00:00,,,,,,,,,,,,,,,,,,,,,,,,
2014-07-02 12:06:00,,,,,,,,,,,,,,,,,,,,,,,,
2014-07-02 12:12:00,,,,,,,,,,,,,,,,,,,,,,,,
2014-07-02 12:18:00,,,,,,,,,,,,,,,,,,,,,,,,
2014-07-02 12:24:00,,,,,,,,,,,,,,,,,,,,,,,,
2014-07-02 12:30:00,,,,,,,,,,,,,,,,,,,,,,,,
2014-07-02 12:36:00,,,,,,,,,,,,,,,,,,,,,,,,
2014-07-02 12:42:00,,,,,,,,,,,,,,,,,,,,,,,,
2014-07-02 12:48:00,,,,,,,,,,,,,,,,,,,,,,,,
2014-07-02 12:54:00,,,,,,,,,,,,,,,,,,,,,,,,
2014-07-02 13:00:00,,,,,,,,,,,,,,,,,,,,,,,,
2014-07-02 13:06:00,,,,,,,,,,,,,,,,,,,,,,,,
2014-07-02 13:12:00,,,,,,,,,,,,,,,,,,,,,,,,
2014-07-02 13:18:00,,,,,,,,,,,,,,,,,,,,,,,,
2014-07-02 13:24:00,,,,,,,,,,,,,,,,,,,,,,,,
2014-07-02 13:30:00,,,,,,,,,,,,,,,,,,,,,,,,
2014-07-02 13:36:00,,,,,,,,,,,,,,,,,,,,,,,,
2014-07-02 13:42:00,,,,,,,,,,,,,,,,,,,,,,,,
2014-07-02 13:48:00,,,,,,,,,,,,,,,,,,,,,,,,
2014-07-02 13:54:00,,,,,,,,,,,,,,,,,,,,,,,,
2014-07-02 14:00:00,,,,,,,,,,,,,,,,,,,,,,,,
2014-07-02 14:06:00,,,,,,,,,,,,,,,,,,,,,,,,
2014-07-02 14:12:00,,,,,,,,,,,,,,,,,,,,,,,,
2014-07-02 14:18:00,,,,,,,,,,,,,,,,,,,,,,,,
2014-07-02 14:24:00,,,,,,,,,,,,,,,,,,,,,,,,
2014-07-02 14:30:00,,,,,,,,,,,,,,,,,,,,,,,,
2014-07-02 14:36:00,,,,,,,,,,,,,,,,,,,,,,,,
2014-07-02 14:42:00,,,,,,,,,,,,,,,,,,,,,,,,
2014-07-02 14:48:00,,,,,,,,,,,,,,,,,,,,,,,,
2014-07-02 14:54:00,,,,,,,,,,,,,,,,,,,,,,,,
2014-07-02 15:00:00,,,,,,,,,,,,,,,,,,,,,,,,
2014-07-02 15:06:00,,,,,,,,,,,,,,,,,,,,,,,,
2014-07-02 15:12:00,,,,,,,,,,,,,,,,,,,,,,,,
2014-07-02 15:18:00,,,,,,,,,,,,,,,,,,,,,,,,
2014-07-02 15:24:00,,,,,,,,,,,,,,,,,,,,,,,,
2014-07-02 15:30:00,,,,,,,,,,,,,,,,,,,,,,,,
2014-07-02 15:36:00,,,,,,,,,,,,,,,,,,,,,,,,
2014-07-02 15:42:00,,,,,,,,,,,,,,,,,,,,,,,,
2014-07-02 15:48:00,,,,,,,,,,,,,,,,,,,,,,,,
2014-07-02 15:54:00,,,,,,,,,,,,,,,,,,,,,,,,
2014-07-02 16:00:00,,,,,,,,,,,,,,,,,,,,,,,,
2014-07-02 16:06:00,,,,,,,,,,,,,,,,,,,,,,,,
2014-07-02 16:12:00,,,,,,,,,,,,,,,,,,,,,,,,
2014-07-02 16:18:00,,,,,,,,,,,,,,,,,,,,,,,,
2014-07-02 16:24:00,,,,,,,,,,,,,,,,,,,,,,,,
2014-07-02 16:30:00,,,,,,,,,,,,,,,,,,,,,,,,
2014-07-02 16:36:00,,,,,,,,,,,,,,,,,,,,,,,,
2014-07-02 16:42:00,,,,,,,,,,,,,,,,,,,,,,,,
2014-07-02 16:48:00,,,,,,,,,,,,,,,,,,,,,,,,
2014-07-02 16:54:00,,,,,,,,,,,,,,,,,,,,,,,,
2014-07-02 17:00:00,,,,,,,,,,,,,,,,,,,,,,,,
2014-07-02 17:06:00,,,,,,,,,,,,,,,,,,,,,,,,
2014-07-02 17:12:00,,,,,,,,,,,,,,,,,,,,,,,,
2014-07-02 17:18:00,,,,,,,,,,,,,,,,,,,,,,,,
2014-07-02 17:24:00,,,,,,,,,,,,,,,,,,,,,,,,
2014-07-02 17:30:00,,,,,,,,,,,,,,,,,,,,,,,,
2014-07-02 17:36:00,,,,,,,,,,,,,,,,,,,,,,,,
2014-07-02 17:42:00,,,,,,,,,,,,,,,,,,,,,,,,
2014-07-02 17:48:00,,,,,,,,,,,,,,,,,,,,,,,,
2014-07-02 17:54:00,,,,,,,,,,,,,,,,,,,,,,,,
2014-07-02 18:00:00,,,,,,,,,,,,,,,,,,,,,,,,
2014-07-02 18:06:00,,,,,,,,,,,,,,,,,,,,,,,,
2014-07-02 18:12:00,,,,,,,,,,,,,,,,,,,,,,,,
2014-07-02 18:18:00,,,,,,,,,,,,,,,,,,,,,,,,
2014-07-02 18:24:00,,,,,,,,,,,,,,,,,,,,,,,,
2014-07-02 18:30:00,,,,,,,,,,,,,,,,,,,,,,,,
2014-07-02 18:36:00,,,,,,,,,,,,,,,,,,,,,,,,
2014-07-02 18:42:00,,,,,,,,,,,,,,,,,,,,,,,,
2014-07-02 18:48:00,,,,,,,,,,,,,,,,,,,,,,,,
2014-07-02 18:54:00,,,,,,,,,,,,,,,,,,,,,,,,
2014-07-02 19:00:00,,,,,,,,,,,,,,,,,,,,,,,,
2014-07-02 19:06:00,,,,,,,,,,,,,,,,,,,,,,,,
2014-07-02 19:12:00,,,,,,,,,,,,,,,,,,,,,,,,
2014-07-02 19:18:00,,,,,,,,,,,,,,,,,,,,,,,,
2014-07-02 19:24:00,,,,,,,,,,,,,,,,,,,,,,,,
2014-07-02 19:30:00,,,,,,,,,,,,,,,,,,,,,,,,
2014-07-02 19:36:00,,,,,,,,,,,,,,,,,,,,,,,,
2014-07-02 19:42:00,,,,,,,,,,,,,,,,,,,,,,,,
2014-07-02 19:48:00,,,,,,,,,,,,,,,,,,,,,,,,
2014-07-02 19:54:00,,,,,,,,,,,,,,,,,,,,,,,,
2014-07-02 20:00:00,,,,,,,,,,,,,,,,,,,,,,,,
2014-07-02 20:06:00,,,,,,,,,,,,,,,,,,,,,,,,
2014-07-02 20:12:00,,,,,,,,,,,,,,,,,,,,,,,,
2014-07-02 20:18:00,,,,,,,,,,,,,,,,,,,,,,,,
2014-07-02 20:24:00,,,,,,,,,,,,,,,,,,,,,,,,
2014-07-02 20:30:00,,,,,,,,,,,,,,,,,,,,,,,,
2014-07-02 20:36:00,,,,,,,,,,,,,,,,,,,,,,,,
2014-07-02 20:42:00,,,,,,,,,,,,,,,,,,,,,,,,
2014-07-02 20:48:00,,,,,,,,,,,,,,,,,,,,,,,,
2014-07-02 20:54:00,,,,,,,,,,,,,,,,,,,,,,,,
2014-07-02 21:00:00,,,,,,,,,,,,,,,,,,,,,,,,
2014-07-02 21:06:00,,,,,,,,,,,,,,,,,,,,,,,,
2014-07-02 21:12:00,,,,,,,,,,,,,,,,,,,,,,,,
2014-07-02 21:18:00,,,,,,,,,,,,,,,,,,,,,,,,
2014-07-02 21:24:00,,,,,,,,,,,,,,,,,,,,,,,,
2014-07-02 21:30:00,,,,,,,,,,,,,,,,,,,,,,,,
2014-07-02 21:36:00,,,,,,,,,,,,,,,,,,,,,,,,
2014-07-02 21:42:00,,,,,,,,,,,,,,,,,,,,,,,,
2014-07-02 21:48:00,,,,,,,,,,,,,,,,,,,,,,,,
2014-07-02 21:54:00,,,,,,,,,,,,,,,,,,,,,,,,
2014-07-02 22:00:00,,,,,,,,,,,,,,,,,,,,,,,,
2014-07-02 22:06:00,,,,,,,,,,,,,,,,,,,,,,,,
2014-07-02 22:12:00,,,,,,,,,,,,,,,,,,,,,,,,
2014-07-02 22:18:00,,,,,,,,,,,,,,,,,,,,,,,,
2014-07-02 22:24:00,,,,,,,,,,,,,,,,,,,,,,,,
2014-07-02 22:30:00,,,,,,,,,,,,,,,,,,,,,,,,
2014-07-02 22:36:00,,,,,,,,,,,,,,,,,,,,,,,,
2014-07-02 22:42:00,,,,,,,,,,,,,,,,,,,,,,,,
2014-07-02 22:48:00,,,,,,,,,,,,,,,,,,,,,,,,
2014-07-02 22:54:00,,,,,,,,,,,,,,,,,,,,,,,,
2014-07-02 23:00:00,,,,,,,,,,,,,,,,,,,,,,,,
2014-07-02 23:06:00,,,,,,,,,,,,,,,,,,,,,,,,
2014-07-02 23:12:00,,,,,,,,,,,,,,,,,,,,,,,,
2014-07-02 23:18:00,,,,,,,,,,,,,,,,,,,,,,,,
2014-07-02 23:24:00,,,,,,,,,,,,,,,,,,,,,,,,
2014-07-02 23:30:00,,,,,,,,,,,,,,,,,,,,,,,,
2014-07-02 23:36:00,,,,,,,,,,,,,,,,,,,,,,,,
2014-07-02 23:42:00,,,,,,,,,,,,,,,,,,,,,,,,
2014-07-02 23:48:00,,,,,,,,,,,,,,,,,,,,,,,,
2014-07-02 23:54:00,,,,,,,,,,,,,,,,,,,,,,,,
2014-07-03 00:00:00,,,,,,,,,,,,,,,,,,,,,,,,
2014-07-03 00:06:00,,,,,,,,,,,,,,,,,,,,,,,,
2014-07-03 00:12:00,,,,,,,,,,,,,,,,,,,,,,,,
2014-07-03 00:18:00,,,,,,,,,,,,,,,,,,,,,,,,
2014-07-03 00:24:00,,,,,,,,,,,,,,,,,,,,,,,,
2014-07-03 00:30:00,,,,,,,,,,,,,,,,,,,,,,,,
2014-07-03 00:36:00,,,,,,,,,,,,,,,,,,,,,,,,
2014-07-03 00:42:00,,,,,,,,,,,,,,,,,,,,,,,,
2014-07-03 00:48:00,,,,,,,,,,,,,,,,,,,,,,,,
2014-07-03 00:54:00,,,,,,,,,,,,,,,,,,,,,,,,
2014-07-03 01:00:00,,,,,,,,,,,,,,,,,,,,,,,,
2014-07-03 01:06:00,,,,,,,,,,,,,,,,,,,,,,,,
2014-07-03 01:12:00,,,,,,,,,,,,,,,,,,,,,,,,
2014-07-03 01:18:00,,,,,,,,,,,,,,,,,,,,,,,,
2014-07-03 01:24:00,,,,,,,,,,,,,,,,,,,,,,,,
2014-07-03 01:30:00,,,,,,,,,,,,,,,,,,,,,,,,
2014-07-03 01:36:00,,,,,,,,,,,,,,,,,,,,,,,,
2014-07-03 01:42:00,,,,,,,,,,,,,,,,,,,,,,,,
2014-07-03 01:48:00,,,,,,,,,,,,,,,,,,,,,,,,
2014-07-03 01:54:00,,,,,,,,,,,,,,,,,,,,,,,,
2014-07-03 02:00:00,,,,,,,,,,,,,,,,,,,,,,,,
2014-07-03 02:06:00,,,,,,,,,,,,,,,,,,,,,,,,
2014-07-03 02:12:00,,,,,,,,,,,,,,,,,,,,,,,,
2014-07-03 02:18:00,,,,,,,,,,,,,,,,,,,,,,,,
2014-07-03 02:24:00,,,,,,,,,,,,,,,,,,,,,,,,
2014-07-03 02:30:00,,,,,,,,,,,,,,,,,,,,,,,,
2014-07-03 02:36:00,,,,,,,,,,,,,,,,,,,,,,,,
2014-07-03 02:42:00,,,,,,,,,,,,,,,,,,,,,,,,
2014-07-03 02:48:00,,,,,,,,,,,,,,,,,,,,,,,,
2014-07-03 02:54:00,,,,,,,,,,,,,,,,,,,,,,,,
2014-07-03 03:00:00,,,,,,,,,,,,,,,,,,,,,,,,
2014-07-03 03:06:00,,,,,,,,,,,,,,,,,,,,,,,,
2014-07-03 03:12:00,,,,,,,,,,,,,,,,,,,,,,,,
2014-07-03 03:18:00,,,,,,,,,,,,,,,,,,,,,,,,
2014-07-03 03:24:00,,,,,,,,,,,,,,,,,,,,,,,,
2014-07-03 03:30:00,,,,,,,,,,,,,,,,,,,,,,,,
2014-07-03 03:36:00,,,,,,,,,,,,,,,,,,,,,,,,
2014-07-03 03:42:00,,,,,,,,,,,,,,,,,,,,,,,,
2014-07-03 03:48:00,,,,,,,,,,,,,,,,,,,,,,,,
2014-07-03 03:54:00,,,,,,,,,,,,,,,,,,,,,,,,
2014-07-03 04:00:00,,,,,,,,,,,,,,,,,,,,,,,,
2014-07-03 04:06:00,,,,,,,,,,,,,,,,,,,,,,,,
2014-07-03 04:12:00,,,,,,,,,,,,,,,,,,,,,,,,
2014-07-03 04:18:00,,,,,,,,,,,,,,,,,,,,,,,,
2014-07-03 04:24:00,,,,,,,,,,,,,,,,,,,,,,,,
2014-07-03 04:30:00,,,,,,,,,,,,,,,,,,,,,,,,
2014-07-03 04:36:00,,,,,,,,,,,,,,,,,,,,,,,,
2014-07-03 04:42:00,,,,,,,,,,,,,,,,,,,,,,,,
2014-07-03 04:48:00,,,,,,,,,,,,,,,,,,,,,,,,
2014-07-03 04:54:00,,,,,,,,,,,,,,,,,,,,,,,,
2014-07-03 05:00:00,,,,,,,,,,,,,,,,,,,,,,,,
2014-07-03 05:06:00,,,,,,,,,,,,,,,,,,,,,,,,
2014-07-03 05:12:00,,,,,,,,,,,,,,,,,,,,,,,,
2014-07-03 05:18:00,,,,,,,,,,,,,,,,,,,,,,,,
2014-07-03 05:24:00,,,,,,,,,,,,,,,,,,,,,,,,
2014-07-03 05:30:00,,,,,,,,,,,,,,,,,,,,,,,,
2014-07-03 05:36:00,,,,,,,,,,,,,,,,,,,,,,,,
2014-07-03 05:42:00,,,,,,,,,,,,,,,,,,,,,,,,
2014-07-03 05:48:00,,,,,,,,,,,,,,,,,,,,,,,,
2014-07-03 05:54:00,,,,,,,,,,,,,,,,,,,,,,,,
2014-07-03 06:00:00,,,,,,,,,,,,,,,,,,,,,,,,
2014-07-03 06:06:00,,,,,,,,,,,,,,,,,,,,,,,,
2014-07-03 06:12:00,,,,,,,,,,,,,,,,,,,,,,,,
2014-07-03 06:18:00,,,,,,,,,,,,,,,,,,,,,,,,
2014-07-03 06:24:00,,,,,,,,,,,,,,,,,,,,,,,,
2014-07-03 06:30:00,,,,,,,,,,,,,,,,,,,,,,,,
2014-07-03 06:36:00,,,,,,,,,,,,,,,,,,,,,,,,
2014-07-03 06:42:00,,,,,,,,,,,,,,,,,,,,,,,,
2014-07-03 06:48:00,,,,,,,,,,,,,,,,,,,,,,,,
2014-07-03 06:54:00,,,,,,,,,,,,,,,,,,,,,,,,
2014-07-03 07:00:00,,,,,,,,,,,,,,,,,,,,,,,,
2014-07-03 07:06:00,,,,,,,,,,,,,,,,,,,,,,,,
2014-07-03 07:12:00,,,,,,,,,,,,,,,,,,,,,,,,
2014-07-03 07:18:00,,,,,,,,,,,,,,,,,,,,,,,,
2014-07-03 07:24:00,,,,,,,,,,,,,,,,,,,,,,,,
2014-07-03 07:30:00,,,,,,,,,,,,,,,,,,,,,,,,
2014-07-03 07:36:00,,,,,,,,,,,,,,,,,,,,,,,,
2014-07-03 07:42:00,,,,,,,,,,,,,,,,,,,,,,,,
2014-07-03 07:48:00,,,,,,,,,,,,,,,,,,,,,,,,
2014-07-03 07:54:00,,,,,,,,,,,,,,,,,,,,,,,,
2014-07-03 08:00:00,,,,,,,,,,,,,,,,,,,,,,,,
2014-07-03 08:06:00,,,,,,,,,,,,,,,,,,,,,,,,
2014-07-03 08:12:00,,,,,,,,,,,,,,,,,,,,,,,,
2014-07-03 08:18:00,,,,,,,,,,,,,,,,,,,,,,,,
2014-07-03 08:24:00,,,,,,,,,,,,,,,,,,,,,,,,
2014-07-03 08:30:00,,,,,,,,,,,,,,,,,,,,,,,,
2014-07-03 08:36:00,,,,,,,,,,,,,,,,,,,,,,,,
2014-07-03 08:42:00,,,,,,,,,,,,,,,,,,,,,,,,
2014-07-03 08:48:00,,,,,,,,,,,,,,,,,,,,,,,,
2014-07-03 08:54:00,,,,,,,,,,,,,,,,,,,,,,,,
2014-07-03 09:00:00,,,,,,,,,,,,,,,,,,,,,,,,
2014-07-03 09:06:00,,,,,,,,,,,,,,,,,,,,,,,,
2014-07-03 09:12:00,,,,,,,,,,,,,,,,,,,,,,,,
2014-07-03 09:18:00,,,,,,,,,,,,,,,,,,,,,,,,
2014-07-03 09:24:00,,,,,,,,,,,,,,,,,,,,,,,,
2014-07-03 09:30:00,,,,,,,,,,,,,,,,,,,,,,,,
2014-07-03 09:36:00,,,,,,,,,,,,,,,,,,,,,,,,
2014-07-03 09:42:00,,,,,,,,,,,,,,,,,,,,,,,,
2014-07-03 09:48:00,,,,,,,,,,,,,,,,,,,,,,,,
2014-07-03 09:54:00,,,,,,,,,,,,,,,,,,,,,,,,
2014-07-03 10:00:00,,,,,,,,,,,,,,,,,,,,,,,,
2014-07-03 10:06:00,,,,,,,,,,,,,,,,,,,,,,,,
2014-07-03 10:12:00,,,,,,,,,,,,,,,,,,,,,,,,
2014-07-03 10:18:00,,,,,,,,,,,,,,,,,,,,,,,,
2014-07-03 10:24:00,,,,,,,,,,,,,,,,,,,,,,,,
2014-07-03 10:30:00,,,,,,,,,,,,,,,,,,,,,,,,
2014-07-03 10:36:00,,,,,,,,,,,,,,,,,,,,,,,,
2014-07-03 10:42:00,,,,,,,,,,,,,,,,,,,,,,,,
2014-07-03 10:48:00,,,,,,,,,,,,,,,,,,,,,,,,
2014-07-03 10:54:00,,,,,,,,,,,,,,,,,,,,,,,,
2014-07-03 11:00:00,,,,,,,,,,,,,,,,,,,,,,,,
2014-07-03 11:06:00,,,,,,,,,,,,,,,,,,,,,,,,
2014-07-03 11:12:00,,,,,,,,,,,,,,,,,,,,,,,,
2014-07-03 11:18:00,,,,,,,,,,,,,,,,,,,,,,,,
2014-07-03 11:24:00,,,,,,,,,,,,,,,,,,,,,,,,
2014-07-03 11:30:00,,,,,,,,,,,,,,,,,,,,,,,,
2014-07-03 11:36:00,,,,,,,,,,,,,,,,,,,,,,,,
2014-07-03 11:42:00,,,,,,,,,,,,,,,,,,,,,,,,
2014-07-03 11:48:00,,,,,,,,,,,,,,,,,,,,,,,,
2014-07-03 11:54:00,,,,,,,,,,,,,,,,,,,,,,,,
2014-07-03 12:00:00,,,,,,,,,,,,,,,,,,,,,,,,
2014-07-03 12:06:00,,,,,,,,,,,,,,,,,,,,,,,,
2014-07-03 12:12:00,,,,,,,,,,,,,,,,,,,,,,,,
2014-07-03 12:18:00,,,,,,,,,,,,,,,,,,,,,,,,
2014-07-03 12:24:00,,,,,,,,,,,,,,,,,,,,,,,,
2014-07-03 12:30:00,,,,,,,,,,,,,,,,,,,,,,,,
2014-07-03 12:36:00,,,,,,,,,,,,,,,,,,,,,,,,
2014-07-03 12:42:00,,,,,,,,,,,,,,,,,,,,,,,,
2014-07-03 12:48:00,,,,,,,,,,,,,,,,,,,,,,,,
2014-07-03 12:54:00,,,,,,,,,,,,,,,,,,,,,,,,
2014-07-03 13:00:00,,,,,,,,,,,,,,,,,,,,,,,,
2014-07-03 13:06:00,,,,,,,,,,,,,,,,,,,,,,,,
2014-07-03 13:12:00,,,,,,,,,,,,,,,,,,,,,,,,
2014-07-03 13:18:00,,,,,,,,,,,,,,,,,,,,,,,,
2014-07-03 13:24:00,,,,,,,,,,,,,,,,,,,,,,,,
2014-07-03 13:30:00,,,,,,,,,,,,,,,,,,,,,,,,
2014-07-03 13:36:00,,,,,,,,,,,,,,,,,,,,,,,,
2014-07-03 13:42:00,,,,,,,,,,,,,,,,,,,,,,,,
2014-07-03 13:48:00,,,,,,,,,,,,,,,,,,,,,,,,
2014-07-03 13:54:00,,,,,,,,,,,,,,,,,,,,,,,,
2014-07-03 14:00:00,,,,,,,,,,,,,,,,,,,,,,,,
2014-07-03 14:06:00,,,,,,,,,,,,,,,,,,,,,,,,
2014-07-03 14:12:00,,,,,,,,,,,,,,,,,,,,,,,,
2014-07-03 14:18:00,,,,,,,,,,,,,,,,,,,,,,,,
2014-07-03 14:24:00,,,,,,,,,,,,,,,,,,,,,,,,
2014-07-03 14:30:00,,,,,,,,,,,,,,,,,,,,,,,,
2014-07-03 14:36:00,,,,,,,,,,,,,,,,,,,,,,,,
2014-07-03 14:42:00,,,,,,,,,,,,,,,,,,,,,,,,
2014-07-03 14:48:00,,,,,,,,,,,,,,,,,,,,,,,,
2014-07-03 14:54:00,,,,,,,,,,,,,,,,,,,,,,,,
2014-07-03 15:00:00,,,,,,,,,,,,,,,,,,,,,,,,
2014-07-03 15:06:00,,,,,,,,,,,,,,,,,,,,,,,,
2014-07-03 15:12:00,,,,,,,,,,,,,,,,,,,,,,,,
2014-07-03 15:18:00,,,,,,,,,,,,,,,,,,,,,,,,
2014-07-03 15:24:00,,,,,,,,,,,,,,,,,,,,,,,,
2014-07-03 15:30:00,,,,,,,,,,,,,,,,,,,,,,,,
2014-07-03 15:36:00,,,,,,,,,,,,,,,,,,,,,,,,
2014-07-03 15:42:00,,,,,,,,,,,,,,,,,,,,,,,,
2014-07-03 15:48:00,,,,,,,,,,,,,,,,,,,,,,,,
2014-07-03 15:54:00,,,,,,,,,,,,,,,,,,,,,,,,
2014-07-03 16:00:00,,,,,,,,,,,,,,,,,,,,,,,,
2014-07-03 16:06:00,,,,,,,,,,,,,,,,,,,,,,,,
2014-07-03 16:12:00,,,,,,,,,,,,,,,,,,,,,,,,
2014-07-03 16:18:00,,,,,,,,,,,,,,,,,,,,,,,,
2014-07-03 16:24:00,,,,,,,,,,,,,,,,,,,,,,,,
2014-07-03 16:30:00,,,,,,,,,,,,,,,,,,,,,,,,
2014-07-03 16:36:00,,,,,,,,,,,,,,,,,,,,,,,,
2014-07-03 16:42:00,,,,,,,,,,,,,,,,,,,,,,,,
2014-07-03 16:48:00,,,,,,,,,,,,,,,,,,,,,,,,
2014-07-03 16:54:00,,,,,,,,,,,,,,,,,,,,,,,,
2014-07-03 17:00:00,,,,,,,,,,,,,,,,,,,,,,,,
2014-07-03 17:06:00,,,,,,,,,,,,,,,,,,,,,,,,
2014-07-03 17:12:00,,,,,,,,,,,,,,,,,,,,,,,,
2014-07-03 17:18:00,,,,,,,,,,,,,,,,,,,,,,,,
2014-07-03 17:24:00,,,,,,,,,,,,,,,,,,,,,,,,
2014-07-03 17:30:00,,,,,,,,,,,,,,,,,,,,,,,,
2014-07-03 17:36:00,,,,,,,,,,,,,,,,,,,,,,,,
2014-07-03 17:42:00,,,,,,,,,,,,,,,,,,,,,,,,
2014-07-03 17:48:00,,,,,,,,,,,,,,,,,,,,,,,,
2014-07-03 17:54:00,,,,,,,,,,,,,,,,,,,,,,,,
2014-07-03 18:00:00,,,,,,,,,,,,,,,,,,,,,,,,
2014-07-03 18:06:00,,,,,,,,,,,,,,,,,,,,,,,,
2014-07-03 18:12:00,,,,,,,,,,,,,,,,,,,,,,,,
2014-07-03 18:18:00,,,,,,,,,,,,,,,,,,,,,,,,
2014-07-03 18:24:00,,,,,,,,,,,,,,,,,,,,,,,,
2014-07-03 18:30:00,,,,,,,,,,,,,,,,,,,,,,,,
2014-07-03 18:36:00,,,,,,,,,,,,,,,,,,,,,,,,
2014-07-03 18:42:00,,,,,,,,,,,,,,,,,,,,,,,,
2014-07-03 18:48:00,,,,,,,,,,,,,,,,,,,,,,,,
2014-07-03 18:54:00,,,,,,,,,,,,,,,,,,,,,,,,
2014-07-03 19:00:00,,,,,,,,,,,,,,,,,,,,,,,,
2014-07-03 19:06:00,,,,,,,,,,,,,,,,,,,,,,,,
2014-07-03 19:12:00,,,,,,,,,,,,,,,,,,,,,,,,
2014-07-03 19:18:00,,,,,,,,,,,,,,,,,,,,,,,,
2014-07-03 19:24:00,,,,,,,,,,,,,,,,,,,,,,,,
2014-07-03 19:30:00,,,,,,,,,,,,,,,,,,,,,,,,
2014-07-03 19:36:00,,,,,,,,,,,,,,,,,,,,,,,,
2014-07-03 19:42:00,,,,,,,,,,,,,,,,,,,,,,,,
2014-07-03 19:48:00,,,,,,,,,,,,,,,,,,,,,,,,
2014-07-03 19:54:00,,,,,,,,,,,,,,,,,,,,,,,,
2014-07-03 20:00:00,,,,,,,,,,,,,,,,,,,,,,,,
2014-07-03 20:06:00,,,,,,,,,,,,,,,,,,,,,,,,
2014-07-03 20:12:00,,,,,,,,,,,,,,,,,,,,,,,,
2014-07-03 20:18:00,,,,,,,,,,,,,,,,,,,,,,,,
2014-07-03 20:24:00,,,,,,,,,,,,,,,,,,,,,,,,
2014-07-03 20:30:00,,,,,,,,,,,,,,,,,,,,,,,,
2014-07-03 20:36:00,,,,,,,,,,,,,,,,,,,,,,,,
2014-07-03 20:42:00,,,,,,,,,,,,,,,,,,,,,,,,
2014-07-03 20:48:00,,,,,,,,,,,,,,,,,,,,,,,,
2014-07-03 20:54:00,,,,,,,,,,,,,,,,,,,,,,,,
2014-07-03 21:00:00,,,,,,,,,,,,,,,,,,,,,,,,
2014-07-03 21:06:00,,,,,,,,,,,,,,,,,,,,,,,,
2014-07-03 21:12:00,,,,,,,,,,,,,,,,,,,,,,,,
2014-07-03 21:18:00,,,,,,,,,,,,,,,,,,,,,,,,
2014-07-03 21:24:00,,,,,,,,,,,,,,,,,,,,,,,,
2014-07-03 21:30:00,,,,,,,,,,,,,,,,,,,,,,,,
2014-07-03 21:36:00,,,,,,,,,,,,,,,,,,,,,,,,
2014-07-03 21:42:00,,,,,,,,,,,,,,,,,,,,,,,,
2014-07-03 21:48:00,,,,,,,,,,,,,,,,,,,,,,,,
2014-07-03 21:54:00,,,,,,,,,,,,,,,,,,,,,,,,
2014-07-03 22:00:00,,,,,,,,,,,,,,,,,,,,,,,,
2014-07-03 22:06:00,,,,,,,,,,,,,,,,,,,,,,,,
2014-07-03 22:12:00,,,,,,,,,,,,,,,,,,,,,,,,
2014-07-03 22:18:00,,,,,,,,,,,,,,,,,,,,,,,,
2014-07-03 22:24:00,,,,,,,,,,,,,,,,,,,,,,,,
2014-07-03 22:30:00,,,,,,,,,,,,,,,,,,,,,,,,
2014-07-03 22:36:00,,,,,,,,,,,,,,,,,,,,,,,,
2014-07-03 22:42:00,,,,,,,,,,,,,,,,,,,,,,,,
2014-07-03 22:48:00,,,,,,,,,,,,,,,,,,,,,,,,
2014-07-03 22:54:00,,,,,,,,,,,,,,,,,,,,,,,,
2014-07-03 23:00:00,,,,,,,,,,,,,,,,,,,,,,,,
2014-07-03 23:06:00,,,,,,,,,,,,,,,,,,,,,,,,
2014-07-03 23:12:00,,,,,,,,,,,,,,,,,,,,,,,,
2014-07-03 23:18:00,,,,,,,,,,,,,,,,,,,,,,,,
2014-07-03 23:24:00,,,,,,,,,,,,,,,,,,,,,,,,
2014-07-03 23:30:00,,,,,,,,,,,,,,,,,,,,,,,,
2014-07-03 23:36:00,,,,,,,,,,,,,,,,,,,,,,,,
2014-07-03 23:42:00,,,,,,,,,,,,,,,,,,,,,,,,
2014-07-03 23:48:00,,,,,,,,,,,,,,,,,,,,,,,,
2014-07-03 23:54:00,,,,,,,,,,,,,,,,,,,,,,,,
2014-07-04 00:00:00,,,,,,,,,,,,,,,,,,,,,,,,
2014-07-04 00:06:00,,,,,,,,,,,,,,,,,,,,,,,,
2014-07-04 00:12:00,,,,,,,,,,,,,,,,,,,,,,,,
2014-07-04 00:18:00,,,,,,,,,,,,,,,,,,,,,,,,
2014-07-04 00:24:00,,,,,,,,,,,,,,,,,,,,,,,,
2014-07-04 00:30:00,,,,,,,,,,,,,,,,,,,,,,,,
2014-07-04 00:36:00,,,,,,,,,,,,,,,,,,,,,,,,
2014-07-04 00:42:00,,,,,,,,,,,,,,,,,,,,,,,,
2014-07-04 00:48:00,,,,,,,,,,,,,,,,,,,,,,,,
2014-07-04 00:54:00,,,,,,,,,,,,,,,,,,,,,,,,
2014-07-04 01:00:00,,,,,,,,,,,,,,,,,,,,,,,,
2014-07-04 01:06:00,,,,,,,,,,,,,,,,,,,,,,,,
2014-07-04 01:12:00,,,,,,,,,,,,,,,,,,,,,,,,
2014-07-04 01:18:00,,,,,,,,,,,,,,,,,,,,,,,,
2014-07-04 01:24:00,,,,,,,,,,,,,,,,,,,,,,,,
2014-07-04 01:30:00,,,,,,,,,,,,,,,,,,,,,,,,
2014-07-04 01:36:00,,,,,,,,,,,,,,,,,,,,,,,,
2014-07-04 01:42:00,,,,,,,,,,,,,,,,,,,,,,,,
2014-07-04 01:48:00,,,,,,,,,,,,,,,,,,,,,,,,
2014-07-04 01:54:00,,,,,,,,,,,,,,,,,,,,,,,,
2014-07-04 02:00:00,,,,,,,,,,,,,,,,,,,,,,,,
2014-07-04 02:06:00,,,,,,,,,,,,,,,,,,,,,,,,
2014-07-04 02:12:00,,,,,,,,,,,,,,,,,,,,,,,,
2014-07-04 02:18:00,,,,,,,,,,,,,,,,,,,,,,,,
2014-07-04 02:24:00,,,,,,,,,,,,,,,,,,,,,,,,
2014-07-04 02:30:00,,,,,,,,,,,,,,,,,,,,,,,,
2014-07-04 02:36:00,,,,,,,,,,,,,,,,,,,,,,,,
2014-07-04 02:42:00,,,,,,,,,,,,,,,,,,,,,,,,
2014-07-04 02:48:00,,,,,,,,,,,,,,,,,,,,,,,,
2014-07-04 02:54:00,,,,,,,,,,,,,,,,,,,,,,,,
2014-07-04 03:00:00,,,,,,,,,,,,,,,,,,,,,,,,
2014-07-04 03:06:00,,,,,,,,,,,,,,,,,,,,,,,,
2014-07-04 03:12:00,,,,,,,,,,,,,,,,,,,,,,,,
2014-07-04 03:18:00,,,,,,,,,,,,,,,,,,,,,,,,
2014-07-04 03:24:00,,,,,,,,,,,,,,,,,,,,,,,,
2014-07-04 03:30:00,,,,,,,,,,,,,,,,,,,,,,,,
2014-07-04 03:36:00,,,,,,,,,,,,,,,,,,,,,,,,
2014-07-04 03:42:00,,,,,,,,,,,,,,,,,,,,,,,,
2014-07-04 03:48:00,,,,,,,,,,,,,,,,,,,,,,,,
2014-07-04 03:54:00,,,,,,,,,,,,,,,,,,,,,,,,
2014-07-04 04:00:00,,,,,,,,,,,,,,,,,,,,,,,,
2014-07-04 04:06:00,,,,,,,,,,,,,,,,,,,,,,,,
2014-07-04 04:12:00,,,,,,,,,,,,,,,,,,,,,,,,
2014-07-04 04:18:00,,,,,,,,,,,,,,,,,,,,,,,,
2014-07-04 04:24:00,,,,,,,,,,,,,,,,,,,,,,,,
2014-07-04 04:30:00,,,,,,,,,,,,,,,,,,,,,,,,
2014-07-04 04:36:00,,,,,,,,,,,,,,,,,,,,,,,,
2014-07-04 04:42:00,,,,,,,,,,,,,,,,,,,,,,,,
2014-07-04 04:48:00,,,,,,,,,,,,,,,,,,,,,,,,
2014-07-04 04:54:00,,,,,,,,,,,,,,,,,,,,,,,,
2014-07-04 05:00:00,,,,,,,,,,,,,,,,,,,,,,,,
2014-07-04 05:06:00,,,,,,,,,,,,,,,,,,,,,,,,
2014-07-04 05:12:00,,,,,,,,,,,,,,,,,,,,,,,,
2014-07-04 05:18:00,,,,,,,,,,,,,,,,,,,,,,,,
2014-07-04 05:24:00,,,,,,,,,,,,,,,,,,,,,,,,
2014-07-04 05:30:00,,,,,,,,,,,,,,,,,,,,,,,,
2014-07-04 05:36:00,,,,,,,,,,,,,,,,,,,,,,,,
2014-07-04 05:42:00,,,,,,,,,,,,,,,,,,,,,,,,
2014-07-04 05:48:00,,,,,,,,,,,,,,,,,,,,,,,,
2014-07-04 05:54:00,,,,,,,,,,,,,,,,,,,,,,,,
2014-07-04 06:00:00,,,,,,,,,,,,,,,,,,,,,,,,
2014-07-04 06:06:00,,,,,,,,,,,,,,,,,,,,,,,,
2014-07-04 06:12:00,,,,,,,,,,,,,,,,,,,,,,,,
2014-07-04 06:18:00,,,,,,,,,,,,,,,,,,,,,,,,
2014-07-04 06:24:00,,,,,,,,,,,,,,,,,,,,,,,,
2014-07-04 06:30:00,,,,,,,,,,,,,,,,,,,,,,,,
2014-07-04 06:36:00,,,,,,,,,,,,,,,,,,,,,,,,
2014-07-04 06:42:00,,,,,,,,,,,,,,,,,,,,,,,,
2014-07-04 06:48:00,,,,,,,,,,,,,,,,,,,,,,,,
2014-07-04 06:54:00,,,,,,,,,,,,,,,,,,,,,,,,
2014-07-04 07:00:00,,,,,,,,,,,,,,,,,,,,,,,,
2014-07-04 07:06:00,,,,,,,,,,,,,,,,,,,,,,,,
2014-07-04 07:12:00,,,,,,,,,,,,,,,,,,,,,,,,
2014-07-04 07:18:00,,,,,,,,,,,,,,,,,,,,,,,,
2014-07-04 07:24:00,,,,,,,,,,,,,,,,,,,,,,,,
2014-07-04 07:30:00,,,,,,,,,,,,,,,,,,,,,,,,
2014-07-04 07:36:00,,,,,,,,,,,,,,,,,,,,,,,,
2014-07-04 07:42:00,,,,,,,,,,,,,,,,,,,,,,,,
2014-07-04 07:48:00,,,,,,,,,,,,,,,,,,,,,,,,
2014-07-04 07:54:00,,,,,,,,,,,,,,,,,,,,,,,,
2014-07-04 08:00:00,,,,,,,,,,,,,,,,,,,,,,,,
2014-07-04 08:06:00,,,,,,,,,,,,,,,,,,,,,,,,
2014-07-04 08:12:00,,,,,,,,,,,,,,,,,,,,,,,,
2014-07-04 08:18:00,,,,,,,,,,,,,,,,,,,,,,,,
2014-07-04 08:24:00,,,,,,,,,,,,,,,,,,,,,,,,
2014-07-04 08:30:00,,,,,,,,,,,,,,,,,,,,,,,,
2014-07-04 08:36:00,,,,,,,,,,,,,,,,,,,,,,,,
2014-07-04 08:42:00,,,,,,,,,,,,,,,,,,,,,,,,
2014-07-04 08:48:00,,,,,,,,,,,,,,,,,,,,,,,,
2014-07-04 08:54:00,,,,,,,,,,,,,,,,,,,,,,,,
2014-07-04 09:00:00,,,,,,,,,,,,,,,,,,,,,,,,
2014-07-04 09:06:00,,,,,,,,,,,,,,,,,,,,,,,,
2014-07-04 09:12:00,,,,,,,,,,,,,,,,,,,,,,,,
2014-07-04 09:18:00,,,,,,,,,,,,,,,,,,,,,,,,
2014-07-04 09:24:00,,,,,,,,,,,,,,,,,,,,,,,,
2014-07-04 09:30:00,,,,,,,,,,,,,,,,,,,,,,,,
2014-07-04 09:36:00,,,,,,,,,,,,,,,,,,,,,,,,
2014-07-04 09:42:00,,,,,,,,,,,,,,,,,,,,,,,,
2014-07-04 09:48:00,,,,,,,,,,,,,,,,,,,,,,,,
2014-07-04 09:54:00,,,,,,,,,,,,,,,,,,,,,,,,
2014-07-04 10:00:00,,,,,,,,,,,,,,,,,,,,,,,,
2014-07-04 10:06:00,,,,,,,,,,,,,,,,,,,,,,,,
2014-07-04 10:12:00,,,,,,,,,,,,,,,,,,,,,,,,
2014-07-04 10:18:00,,,,,,,,,,,,,,,,,,,,,,,,
2014-07-04 10:24:00,,,,,,,,,,,,,,,,,,,,,,,,
2014-07-04 10:30:00,,,,,,,,,,,,,,,,,,,,,,,,
2014-07-04 10:36:00,,,,,,,,,,,,,,,,,,,,,,,,
2014-07-04 10:42:00,,,,,,,,,,,,,,,,,,,,,,,,
2014-07-04 10:48:00,,,,,,,,,,,,,,,,,,,,,,,,
2014-07-04 10:54:00,,,,,,,,,,,,,,,,,,,,,,,,
2014-07-04 11:00:00,,,,,,,,,,,,,,,,,,,,,,,,
2014-07-04 11:06:00,,,,,,,,,,,,,,,,,,,,,,,,
2014-07-04 11:12:00,,,,,,,,,,,,,,,,,,,,,,,,
2014-07-04 11:18:00,,,,,,,,,,,,,,,,,,,,,,,,
2014-07-04 11:24:00,,,,,,,,,,,,,,,,,,,,,,,,
2014-07-04 11:30:00,,,,,,,,,,,,,,,,,,,,,,,,
2014-07-04 11:36:00,,,,,,,,,,,,,,,,,,,,,,,,
2014-07-04 11:42:00,,,,,,,,,,,,,,,,,,,,,,,,
2014-07-04 11:48:00,,,,,,,,,,,,,,,,,,,,,,,,
2014-07-04 11:54:00,,,,,,,,,,,,,,,,,,,,,,,,
2014-07-04 12:00:00,,,,,,,,,,,,,,,,,,,,,,,,
2014-07-04 12:06:00,,,,,,,,,,,,,,,,,,,,,,,,
2014-07-04 12:12:00,,,,,,,,,,,,,,,,,,,,,,,,
2014-07-04 12:18:00,,,,,,,,,,,,,,,,,,,,,,,,
2014-07-04 12:24:00,,,,,,,,,,,,,,,,,,,,,,,,
2014-07-04 12:30:00,,,,,,,,,,,,,,,,,,,,,,,,
2014-07-04 12:36:00,,,,,,,,,,,,,,,,,,,,,,,,
2014-07-04 12:42:00,,,,,,,,,,,,,,,,,,,,,,,,
2014-07-04 12:48:00,,,,,,,,,,,,,,,,,,,,,,,,
2014-07-04 12:54:00,,,,,,,,,,,,,,,,,,,,,,,,
2014-07-04 13:00:00,,,,,,,,,,,,,,,,,,,,,,,,
2014-07-04 13:06:00,,,,,,,,,,,,,,,,,,,,,,,,
2014-07-04 13:12:00,,,,,,,,,,,,,,,,,,,,,,,,
2014-07-04 13:18:00,,,,,,,,,,,,,,,,,,,,,,,,
2014-07-04 13:24:00,,,,,,,,,,,,,,,,,,,,,,,,
2014-07-04 13:30:00,,,,,,,,,,,,,,,,,,,,,,,,
2014-07-04 13:36:00,,,,,,,,,,,,,,,,,,,,,,,,
2014-07-04 13:42:00,,,,,,,,,,,,,,,,,,,,,,,,
2014-07-04 13:48:00,,,,,,,,,,,,,,,,,,,,,,,,
2014-07-04 13:54:00,,,,,,,,,,,,,,,,,,,,,,,,
2014-07-04 14:00:00,,,,,,,,,,,,,,,,,,,,,,,,
2014-07-04 14:06:00,,,,,,,,,,,,,,,,,,,,,,,,
2014-07-04 14:12:00,,,,,,,,,,,,,,,,,,,,,,,,
2014-07-04 14:18:00,,,,,,,,,,,,,,,,,,,,,,,,
2014-07-04 14:24:00,,,,,,,,,,,,,,,,,,,,,,,,
2014-07-04 14:30:00,,,,,,,,,,,,,,,,,,,,,,,,
2014-07-04 14:36:00,,,,,,,,,,,,,,,,,,,,,,,,
2014-07-04 14:42:00,,,,,,,,,,,,,,,,,,,,,,,,
2014-07-04 14:48:00,,,,,,,,,,,,,,,,,,,,,,,,
2014-07-04 14:54:00,,,,,,,,,,,,,,,,,,,,,,,,
2014-07-04 15:00:00,,,,,,,,,,,,,,,,,,,,,,,,
2014-07-04 15:06:00,,,,,,,,,,,,,,,,,,,,,,,,
2014-07-04 15:12:00,,,,,,,,,,,,,,,,,,,,,,,,
2014-07-04 15:18:00,,,,,,,,,,,,,,,,,,,,,,,,
2014-07-04 15:24:00,,,,,,,,,,,,,,,,,,,,,,,,
2014-07-04 15:30:00,,,,,,,,,,,,,,,,,,,,,,,,
2014-07-04 15:36:00,,,,,,,,,,,,,,,,,,,,,,,,
2014-07-04 15:42:00,,,,,,,,,,,,,,,,,,,,,,,,
2014-07-04 15:48:00,,,,,,,,,,,,,,,,,,,,,,,,
2014-07-04 15:54:00,,,,,,,,,,,,,,,,,,,,,,,,
2014-07-04 16:00:00,,,,,,,,,,,,,,,,,,,,,,,,
2014-07-04 16:06:00,,,,,,,,,,,,,,,,,,,,,,,,
2014-07-04 16:12:00,,,,,,,,,,,,,,,,,,,,,,,,
2014-07-04 16:18:00,,,,,,,,,,,,,,,,,,,,,,,,
2014-07-04 16:24:00,,,,,,,,,,,,,,,,,,,,,,,,
2014-07-04 16:30:00,,,,,,,,,,,,,,,,,,,,,,,,
2014-07-04 16:36:00,,,,,,,,,,,,,,,,,,,,,,,,
2014-07-04 16:42:00,,,,,,,,,,,,,,,,,,,,,,,,
2014-07-04 16:48:00,,,,,,,,,,,,,,,,,,,,,,,,
2014-07-04 16:54:00,,,,,,,,,,,,,,,,,,,,,,,,
2014-07-04 17:00:00,,,,,,,,,,,,,,,,,,,,,,,,
2014-07-04 17:06:00,,,,,,,,,,,,,,,,,,,,,,,,
2014-07-04 17:12:00,,,,,,,,,,,,,,,,,,,,,,,,
2014-07-04 17:18:00,,,,,,,,,,,,,,,,,,,,,,,,
2014-07-04 17:24:00,,,,,,,,,,,,,,,,,,,,,,,,
2014-07-04 17:30:00,,,,,,,,,,,,,,,,,,,,,,,,
2014-07-04 17:36:00,,,,,,,,,,,,,,,,,,,,,,,,
2014-07-04 17:42:00,,,,,,,,,,,,,,,,,,,,,,,,
2014-07-04 17:48:00,,,,,,,,,,,,,,,,,,,,,,,,
2014-07-04 17:54:00,,,,,,,,,,,,,,,,,,,,,,,,
2014-07-04 18:00:00,,,,,,,,,,,,,,,,,,,,,,,,
2014-07-04 18:06:00,,,,,,,,,,,,,,,,,,,,,,,,
2014-07-04 18:12:00,,,,,,,,,,,,,,,,,,,,,,,,
2014-07-04 18:18:00,,,,,,,,,,,,,,,,,,,,,,,,
2014-07-04 18:24:00,,,,,,,,,,,,,,,,,,,,,,,,
2014-07-04 18:30:00,,,,,,,,,,,,,,,,,,,,,,,,
2014-07-04 18:36:00,,,,,,,,,,,,,,,,,,,,,,,,
2014-07-04 18:42:00,,,,,,,,,,,,,,,,,,,,,,,,
2014-07-04 18:48:00,,,,,,,,,,,,,,,,,,,,,,,,
2014-07-04 18:54:00,,,,,,,,,,,,,,,,,,,,,,,,
2014-07-04 19:00:00,,,,,,,,,,,,,,,,,,,,,,,,
2014-07-04 19:06:00,,,,,,,,,,,,,,,,,,,,,,,,
2014-07-04 19:12:00,,,,,,,,,,,,,,,,,,,,,,,,
2014-07-04 19:18:00,,,,,,,,,,,,,,,,,,,,,,,,
2014-07-04 19:22:00,,,,,,,,,,,,,,,,,,,,,,,,
2014-07-04 19:24:00,,,,,,,,,,,,,,,,,,,,,,,,
2014-07-04 19:30:00,,,,,,,,,,,,,,,,,,,,,,,,
2014-07-04 19:36:00,,,,,,,,,,,,,,,,,,,,,,,,
2014-07-04 19:42:00,,,,,,,,,,,,,,,,,,,,,,,,
2014-07-04 19:48:00,,,,,,,,,,,,,,,,,,,,,,,,
2014-07-04 19:54:00,,,,,,,,,,,,,,,,,,,,,,,,
2014-07-04 20:00:00,,,,,,,,,,,,,,,,,,,,,,,,
2014-07-04 20:06:00,,,,,,,,,,,,,,,,,,,,,,,,
2014-07-04 20:12:00,,,,,,,,,,,,,,,,,,,,,,,,
2014-07-04 20:18:00,,,,,,,,,,,,,,,,,,,,,,,,
2014-07-04 20:24:00,,,,,,,,,,,,,,,,,,,,,,,,
2014-07-04 20:30:00,,,,,,,,,,,,,,,,,,,,,,,,
2014-07-04 20:36:00,,,,,,,,,,,,,,,,,,,,,,,,
2014-07-04 20:42:00,,,,,,,,,,,,,,,,,,,,,,,,
2014-07-04 20:48:00,,,,,,,,,,,,,,,,,,,,,,,,
2014-07-04 20:54:00,,,,,,,,,,,,,,,,,,,,,,,,
2014-07-04 21:00:00,,,,,,,,,,,,,,,,,,,,,,,,
2014-07-04 21:06:00,,,,,,,,,,,,,,,,,,,,,,,,
2014-07-04 21:12:00,,,,,,,,,,,,,,,,,,,,,,,,
2014-07-04 21:18:00,,,,,,,,,,,,,,,,,,,,,,,,
2014-07-04 21:24:00,,,,,,,,,,,,,,,,,,,,,,,,
2014-07-04 21:30:00,,,,,,,,,,,,,,,,,,,,,,,,
2014-07-04 21:36:00,,,,,,,,,,,,,,,,,,,,,,,,
2014-07-04 21:42:00,,,,,,,,,,,,,,,,,,,,,,,,
2014-07-04 21:48:00,,,,,,,,,,,,,,,,,,,,,,,,
2014-07-04 21:54:00,,,,,,,,,,,,,,,,,,,,,,,,
2014-07-04 22:00:00,,,,,,,,,,,,,,,,,,,,,,,,
2014-07-04 22:06:00,,,,,,,,,,,,,,,,,,,,,,,,
2014-07-04 22:12:00,,,,,,,,,,,,,,,,,,,,,,,,
2014-07-04 22:18:00,,,,,,,,,,,,,,,,,,,,,,,,
2014-07-04 22:24:00,,,,,,,,,,,,,,,,,,,,,,,,
2014-07-04 22:30:00,,,,,,,,,,,,,,,,,,,,,,,,
2014-07-04 22:34:00,,,,,,,,,,,,,,,,,,,,,,,,
2014-07-04 22:36:00,,,,,,,,,,,,,,,,,,,,,,,,
2014-07-04 22:42:00,,,,,,,,,,,,,,,,,,,,,,,,
2014-07-04 22:46:00,,,,,,,,,,,,,,,,,,,,,,,,
2014-07-04 22:48:00,,,,,,,,,,,,,,,,,,,,,,,,
2014-07-04 22:54:00,,,,,,,,,,,,,,,,,,,,,,,,
2014-07-04 23:00:00,,,,,,,,,,,,,,,,,,,,,,,,
2014-07-04 23:06:00,,,,,,,,,,,,,,,,,,,,,,,,
2014-07-04 23:12:00,,,,,,,,,,,,,,,,,,,,,,,,
2014-07-04 23:18:00,,,,,,,,,,,,,,,,,,,,,,,,
2014-07-04 23:24:00,,,,,,,,,,,,,,,,,,,,,,,,
2014-07-04 23:30:00,,,,,,,,,,,,,,,,,,,,,,,,
2014-07-04 23:36:00,,,,,,,,,,,,,,,,,,,,,,,,
2014-07-04 23:42:00,,,,,,,,,,,,,,,,,,,,,,,,
2014-07-04 23:48:00,,,,,,,,,,,,,,,,,,,,,,,,
2014-07-04 23:54:00,,,,,,,,,,,,,,,,,,,,,,,,
2014-07-05 00:00:00,,,,,,,,,,,,,,,,,,,,,,,,
2014-07-05 00:06:00,,,,,,,,,,,,,,,,,,,,,,,,
2014-07-05 00:12:00,,,,,,,,,,,,,,,,,,,,,,,,
2014-07-05 00:18:00,,,,,,,,,,,,,,,,,,,,,,,,
2014-07-05 00:24:00,,,,,,,,,,,,,,,,,,,,,,,,
2014-07-05 00:30:00,,,,,,,,,,,,,,,,,,,,,,,,
2014-07-05 00:36:00,,,,,,,,,,,,,,,,,,,,,,,,
2014-07-05 00:42:00,,,,,,,,,,,,,,,,,,,,,,,,
2014-07-05 00:48:00,,,,,,,,,,,,,,,,,,,,,,,,
2014-07-05 00:54:00,,,,,,,,,,,,,,,,,,,,,,,,
2014-07-05 01:00:00,,,,,,,,,,,,,,,,,,,,,,,,
2014-07-05 01:06:00,,,,,,,,,,,,,,,,,,,,,,,,
2014-07-05 01:12:00,,,,,,,,,,,,,,,,,,,,,,,,
2014-07-05 01:18:00,,,,,,,,,,,,,,,,,,,,,,,,
2014-07-05 01:24:00,,,,,,,,,,,,,,,,,,,,,,,,
2014-07-05 01:30:00,,,,,,,,,,,,,,,,,,,,,,,,
2014-07-05 01:36:00,,,,,,,,,,,,,,,,,,,,,,,,
2014-07-05 01:42:00,,,,,,,,,,,,,,,,,,,,,,,,
2014-07-05 01:48:00,,,,,,,,,,,,,,,,,,,,,,,,
2014-07-05 01:54:00,,,,,,,,,,,,,,,,,,,,,,,,
2014-07-05 02:00:00,,,,,,,,,,,,,,,,,,,,,,,,
2014-07-05 02:06:00,,,,,,,,,,,,,,,,,,,,,,,,
2014-07-05 02:12:00,,,,,,,,,,,,,,,,,,,,,,,,
2014-07-05 02:18:00,,,,,,,,,,,,,,,,,,,,,,,,
2014-07-05 02:24:00,,,,,,,,,,,,,,,,,,,,,,,,
2014-07-05 02:30:00,,,,,,,,,,,,,,,,,,,,,,,,
2014-07-05 02:36:00,,,,,,,,,,,,,,,,,,,,,,,,
2014-07-05 02:42:00,,,,,,,,,,,,,,,,,,,,,,,,
2014-07-05 02:48:00,,,,,,,,,,,,,,,,,,,,,,,,
2014-07-05 02:54:00,,,,,,,,,,,,,,,,,,,,,,,,
2014-07-05 03:00:00,,,,,,,,,,,,,,,,,,,,,,,,
2014-07-05 03:06:00,,,,,,,,,,,,,,,,,,,,,,,,
2014-07-05 03:12:00,,,,,,,,,,,,,,,,,,,,,,,,
2014-07-05 03:18:00,,,,,,,,,,,,,,,,,,,,,,,,
2014-07-05 03:24:00,,,,,,,,,,,,,,,,,,,,,,,,
2014-07-05 03:30:00,,,,,,,,,,,,,,,,,,,,,,,,
2014-07-05 03:36:00,,,,,,,,,,,,,,,,,,,,,,,,
2014-07-05 03:42:00,,,,,,,,,,,,,,,,,,,,,,,,
2014-07-05 03:48:00,,,,,,,,,,,,,,,,,,,,,,,,
2014-07-05 03:54:00,,,,,,,,,,,,,,,,,,,,,,,,
2014-07-05 04:00:00,,,,,,,,,,,,,,,,,,,,,,,,
2014-07-05 04:06:00,,,,,,,,,,,,,,,,,,,,,,,,
2014-07-05 04:12:00,,,,,,,,,,,,,,,,,,,,,,,,
2014-07-05 04:18:00,,,,,,,,,,,,,,,,,,,,,,,,
2014-07-05 04:24:00,,,,,,,,,,,,,,,,,,,,,,,,
2014-07-05 04:30:00,,,,,,,,,,,,,,,,,,,,,,,,
2014-07-05 04:36:00,,,,,,,,,,,,,,,,,,,,,,,,
2014-07-05 04:42:00,,,,,,,,,,,,,,,,,,,,,,,,
2014-07-05 04:48:00,,,,,,,,,,,,,,,,,,,,,,,,
2014-07-05 04:54:00,,,,,,,,,,,,,,,,,,,,,,,,
2014-07-05 05:00:00,,,,,,,,,,,,,,,,,,,,,,,,
2014-07-05 05:06:00,,,,,,,,,,,,,,,,,,,,,,,,
2014-07-05 05:12:00,,,,,,,,,,,,,,,,,,,,,,,,
2014-07-05 05:18:00,,,,,,,,,,,,,,,,,,,,,,,,
2014-07-05 05:24:00,,,,,,,,,,,,,,,,,,,,,,,,
2014-07-05 05:30:00,,,,,,,,,,,,,,,,,,,,,,,,
2014-07-05 05:36:00,,,,,,,,,,,,,,,,,,,,,,,,
2014-07-05 05:42:00,,,,,,,,,,,,,,,,,,,,,,,,
2014-07-05 05:48:00,,,,,,,,,,,,,,,,,,,,,,,,
2014-07-05 05:54:00,,,,,,,,,,,,,,,,,,,,,,,,
2014-07-05 06:00:00,,,,,,,,,,,,,,,,,,,,,,,,
2014-07-05 06:06:00,,,,,,,,,,,,,,,,,,,,,,,,
2014-07-05 06:12:00,,,,,,,,,,,,,,,,,,,,,,,,
2014-07-05 06:18:00,,,,,,,,,,,,,,,,,,,,,,,,
2014-07-05 06:24:00,,,,,,,,,,,,,,,,,,,,,,,,
2014-07-05 06:30:00,,,,,,,,,,,,,,,,,,,,,,,,
2014-07-05 06:36:00,,,,,,,,,,,,,,,,,,,,,,,,
2014-07-05 06:42:00,,,,,,,,,,,,,,,,,,,,,,,,
2014-07-05 06:48:00,,,,,,,,,,,,,,,,,,,,,,,,
2014-07-05 06:54:00,,,,,,,,,,,,,,,,,,,,,,,,
2014-07-05 07:00:00,,,,,,,,,,,,,,,,,,,,,,,,
2014-07-05 07:06:00,,,,,,,,,,,,,,,,,,,,,,,,
2014-07-05 07:12:00,,,,,,,,,,,,,,,,,,,,,,,,
2014-07-05 07:18:00,,,,,,,,,,,,,,,,,,,,,,,,
2014-07-05 07:24:00,,,,,,,,,,,,,,,,,,,,,,,,
2014-07-05 07:30:00,,,,,,,,,,,,,,,,,,,,,,,,
2014-07-05 07:36:00,,,,,,,,,,,,,,,,,,,,,,,,
2014-07-05 07:42:00,,,,,,,,,,,,,,,,,,,,,,,,
2014-07-05 07:48:00,,,,,,,,,,,,,,,,,,,,,,,,
2014-07-05 07:54:00,,,,,,,,,,,,,,,,,,,,,,,,
2014-07-05 08:00:00,,,,,,,,,,,,,,,,,,,,,,,,
2014-07-05 08:06:00,,,,,,,,,,,,,,,,,,,,,,,,
2014-07-05 08:12:00,,,,,,,,,,,,,,,,,,,,,,,,
2014-07-05 08:18:00,,,,,,,,,,,,,,,,,,,,,,,,
2014-07-05 08:24:00,,,,,,,,,,,,,,,,,,,,,,,,
2014-07-05 08:30:00,,,,,,,,,,,,,,,,,,,,,,,,
2014-07-05 08:36:00,,,,,,,,,,,,,,,,,,,,,,,,
2014-07-05 08:42:00,,,,,,,,,,,,,,,,,,,,,,,,
2014-07-05 08:48:00,,,,,,,,,,,,,,,,,,,,,,,,
2014-07-05 08:54:00,,,,,,,,,,,,,,,,,,,,,,,,
2014-07-05 09:00:00,,,,,,,,,,,,,,,,,,,,,,,,
2014-07-05 09:06:00,,,,,,,,,,,,,,,,,,,,,,,,
2014-07-05 09:12:00,,,,,,,,,,,,,,,,,,,,,,,,
2014-07-05 09:18:00,,,,,,,,,,,,,,,,,,,,,,,,
2014-07-05 09:24:00,,,,,,,,,,,,,,,,,,,,,,,,
2014-07-05 09:30:00,,,,,,,,,,,,,,,,,,,,,,,,
2014-07-05 09:36:00,,,,,,,,,,,,,,,,,,,,,,,,
2014-07-05 09:42:00,,,,,,,,,,,,,,,,,,,,,,,,
2014-07-05 09:48:00,,,,,,,,,,,,,,,,,,,,,,,,
2014-07-05 09:54:00,,,,,,,,,,,,,,,,,,,,,,,,
2014-07-05 10:00:00,,,,,,,,,,,,,,,,,,,,,,,,
2014-07-05 10:06:00,,,,,,,,,,,,,,,,,,,,,,,,
2014-07-05 10:12:00,,,,,,,,,,,,,,,,,,,,,,,,
2014-07-05 10:18:00,,,,,,,,,,,,,,,,,,,,,,,,
2014-07-05 10:24:00,,,,,,,,,,,,,,,,,,,,,,,,
2014-07-05 10:30:00,,,,,,,,,,,,,,,,,,,,,,,,
2014-07-05 10:36:00,,,,,,,,,,,,,,,,,,,,,,,,
2014-07-05 10:42:00,,,,,,,,,,,,,,,,,,,,,,,,
2014-07-05 10:48:00,,,,,,,,,,,,,,,,,,,,,,,,
2014-07-05 10:54:00,,,,,,,,,,,,,,,,,,,,,,,,
2014-07-05 11:00:00,,,,,,,,,,,,,,,,,,,,,,,,
2014-07-05 11:06:00,,,,,,,,,,,,,,,,,,,,,,,,
2014-07-05 11:12:00,,,,,,,,,,,,,,,,,,,,,,,,
2014-07-05 11:18:00,,,,,,,,,,,,,,,,,,,,,,,,
2014-07-05 11:24:00,,,,,,,,,,,,,,,,,,,,,,,,
2014-07-05 11:30:00,,,,,,,,,,,,,,,,,,,,,,,,
2014-07-05 11:36:00,,,,,,,,,,,,,,,,,,,,,,,,
2014-07-05 11:42:00,,,,,,,,,,,,,,,,,,,,,,,,
2014-07-05 11:48:00,,,,,,,,,,,,,,,,,,,,,,,,
2014-07-05 11:54:00,,,,,,,,,,,,,,,,,,,,,,,,
2014-07-05 12:00:00,,,,,,,,,,,,,,,,,,,,,,,,
2014-07-05 12:06:00,,,,,,,,,,,,,,,,,,,,,,,,
2014-07-05 12:12:00,,,,,,,,,,,,,,,,,,,,,,,,
2014-07-05 12:18:00,,,,,,,,,,,,,,,,,,,,,,,,
2014-07-05 12:24:00,,,,,,,,,,,,,,,,,,,,,,,,
2014-07-05 12:30:00,,,,,,,,,,,,,,,,,,,,,,,,
2014-07-05 12:36:00,,,,,,,,,,,,,,,,,,,,,,,,
2014-07-05 12:42:00,,,,,,,,,,,,,,,,,,,,,,,,
2014-07-05 12:48:00,,,,,,,,,,,,,,,,,,,,,,,,
2014-07-05 12:54:00,,,,,,,,,,,,,,,,,,,,,,,,
2014-07-05 13:00:00,,,,,,,,,,,,,,,,,,,,,,,,
2014-07-05 13:06:00,,,,,,,,,,,,,,,,,,,,,,,,
2014-07-05 13:12:00,,,,,,,,,,,,,,,,,,,,,,,,
2014-07-05 13:18:00,,,,,,,,,,,,,,,,,,,,,,,,
2014-07-05 13:24:00,,,,,,,,,,,,,,,,,,,,,,,,
2014-07-05 13:30:00,,,,,,,,,,,,,,,,,,,,,,,,
2014-07-05 13:36:00,,,,,,,,,,,,,,,,,,,,,,,,
2014-07-05 13:42:00,,,,,,,,,,,,,,,,,,,,,,,,
2014-07-05 13:48:00,,,,,,,,,,,,,,,,,,,,,,,,
2014-07-05 13:54:00,,,,,,,,,,,,,,,,,,,,,,,,
2014-07-05 14:00:00,,,,,,,,,,,,,,,,,,,,,,,,
2014-07-05 14:06:00,,,,,,,,,,,,,,,,,,,,,,,,
2014-07-05 14:12:00,,,,,,,,,,,,,,,,,,,,,,,,
2014-07-05 14:18:00,,,,,,,,,,,,,,,,,,,,,,,,
2014-07-05 14:24:00,,,,,,,,,,,,,,,,,,,,,,,,
2014-07-05 14:30:00,,,,,,,,,,,,,,,,,,,,,,,,
2014-07-05 14:36:00,,,,,,,,,,,,,,,,,,,,,,,,
2014-07-05 14:42:00,,,,,,,,,,,,,,,,,,,,,,,,
2014-07-05 14:48:00,,,,,,,,,,,,,,,,,,,,,,,,
2014-07-05 14:54:00,,,,,,,,,,,,,,,,,,,,,,,,
2014-07-05 15:00:00,,,,,,,,,,,,,,,,,,,,,,,,
2014-07-05 15:06:00,,,,,,,,,,,,,,,,,,,,,,,,
2014-07-05 15:12:00,,,,,,,,,,,,,,,,,,,,,,,,
2014-07-05 15:18:00,,,,,,,,,,,,,,,,,,,,,,,,
2014-07-05 15:24:00,,,,,,,,,,,,,,,,,,,,,,,,
2014-07-05 15:30:00,,,,,,,,,,,,,,,,,,,,,,,,
2014-07-05 15:36:00,,,,,,,,,,,,,,,,,,,,,,,,
2014-07-05 15:42:00,,,,,,,,,,,,,,,,,,,,,,,,
2014-07-05 15:48:00,,,,,,,,,,,,,,,,,,,,,,,,
2014-07-05 15:54:00,,,,,,,,,,,,,,,,,,,,,,,,
2014-07-05 16:00:00,,,,,,,,,,,,,,,,,,,,,,,,
2014-07-05 16:06:00,,,,,,,,,,,,,,,,,,,,,,,,
2014-07-05 16:12:00,,,,,,,,,,,,,,,,,,,,,,,,
2014-07-05 16:18:00,,,,,,,,,,,,,,,,,,,,,,,,
2014-07-05 16:24:00,,,,,,,,,,,,,,,,,,,,,,,,
2014-07-05 16:30:00,,,,,,,,,,,,,,,,,,,,,,,,
2014-07-05 16:36:00,,,,,,,,,,,,,,,,,,,,,,,,
2014-07-05 16:42:00,,,,,,,,,,,,,,,,,,,,,,,,
2014-07-05 16:48:00,,,,,,,,,,,,,,,,,,,,,,,,
2014-07-05 16:54:00,,,,,,,,,,,,,,,,,,,,,,,,
2014-07-05 17:00:00,,,,,,,,,,,,,,,,,,,,,,,,
2014-07-05 17:06:00,,,,,,,,,,,,,,,,,,,,,,,,
2014-07-05 17:12:00,,,,,,,,,,,,,,,,,,,,,,,,
2014-07-05 17:18:00,,,,,,,,,,,,,,,,,,,,,,,,
2014-07-05 17:24:00,,,,,,,,,,,,,,,,,,,,,,,,
2014-07-05 17:30:00,,,,,,,,,,,,,,,,,,,,,,,,
2014-07-05 17:36:00,,,,,,,,,,,,,,,,,,,,,,,,
2014-07-05 17:42:00,,,,,,,,,,,,,,,,,,,,,,,,
2014-07-05 17:48:00,,,,,,,,,,,,,,,,,,,,,,,,
2014-07-05 17:54:00,,,,,,,,,,,,,,,,,,,,,,,,
2014-07-05 18:00:00,,,,,,,,,,,,,,,,,,,,,,,,
2014-07-05 18:06:00,,,,,,,,,,,,,,,,,,,,,,,,
2014-07-05 18:12:00,,,,,,,,,,,,,,,,,,,,,,,,
2014-07-05 18:18:00,,,,,,,,,,,,,,,,,,,,,,,,
2014-07-05 18:24:00,,,,,,,,,,,,,,,,,,,,,,,,
2014-07-05 18:30:00,,,,,,,,,,,,,,,,,,,,,,,,
2014-07-05 18:36:00,,,,,,,,,,,,,,,,,,,,,,,,
2014-07-05 18:42:00,,,,,,,,,,,,,,,,,,,,,,,,
2014-07-05 18:48:00,,,,,,,,,,,,,,,,,,,,,,,,
2014-07-05 18:54:00,,,,,,,,,,,,,,,,,,,,,,,,
2014-07-05 19:00:00,,,,,,,,,,,,,,,,,,,,,,,,
2014-07-05 19:06:00,,,,,,,,,,,,,,,,,,,,,,,,
2014-07-05 19:12:00,,,,,,,,,,,,,,,,,,,,,,,,
2014-07-05 19:18:00,,,,,,,,,,,,,,,,,,,,,,,,
2014-07-05 19:24:00,,,,,,,,,,,,,,,,,,,,,,,,
2014-07-05 19:30:00,,,,,,,,,,,,,,,,,,,,,,,,
2014-07-05 19:36:00,,,,,,,,,,,,,,,,,,,,,,,,
2014-07-05 19:42:00,,,,,,,,,,,,,,,,,,,,,,,,
2014-07-05 19:48:00,,,,,,,,,,,,,,,,,,,,,,,,
2014-07-05 19:54:00,,,,,,,,,,,,,,,,,,,,,,,,
2014-07-05 20:00:00,,,,,,,,,,,,,,,,,,,,,,,,
2014-07-05 20:06:00,,,,,,,,,,,,,,,,,,,,,,,,
2014-07-05 20:12:00,,,,,,,,,,,,,,,,,,,,,,,,
2014-07-05 20:18:00,,,,,,,,,,,,,,,,,,,,,,,,
2014-07-05 20:24:00,,,,,,,,,,,,,,,,,,,,,,,,
2014-07-05 20:30:00,,,,,,,,,,,,,,,,,,,,,,,,
2014-07-05 20:36:00,,,,,,,,,,,,,,,,,,,,,,,,
2014-07-05 20:42:00,,,,,,,,,,,,,,,,,,,,,,,,
2014-07-05 20:48:00,,,,,,,,,,,,,,,,,,,,,,,,
2014-07-05 20:54:00,,,,,,,,,,,,,,,,,,,,,,,,
2014-07-05 21:00:00,,,,,,,,,,,,,,,,,,,,,,,,
2014-07-05 21:06:00,,,,,,,,,,,,,,,,,,,,,,,,
2014-07-05 21:12:00,,,,,,,,,,,,,,,,,,,,,,,,
2014-07-05 21:18:00,,,,,,,,,,,,,,,,,,,,,,,,
2014-07-05 21:24:00,,,,,,,,,,,,,,,,,,,,,,,,
2014-07-05 21:30:00,,,,,,,,,,,,,,,,,,,,,,,,
2014-07-05 21:36:00,,,,,,,,,,,,,,,,,,,,,,,,
2014-07-05 21:42:00,,,,,,,,,,,,,,,,,,,,,,,,
2014-07-05 21:48:00,,,,,,,,,,,,,,,,,,,,,,,,
2014-07-05 21:54:00,,,,,,,,,,,,,,,,,,,,,,,,
2014-07-05 22:00:00,,,,,,,,,,,,,,,,,,,,,,,,
2014-07-05 22:06:00,,,,,,,,,,,,,,,,,,,,,,,,
2014-07-05 22:12:00,,,,,,,,,,,,,,,,,,,,,,,,
2014-07-05 22:18:00,,,,,,,,,,,,,,,,,,,,,,,,
2014-07-05 22:24:00,,,,,,,,,,,,,,,,,,,,,,,,
2014-07-05 22:30:00,,,,,,,,,,,,,,,,,,,,,,,,
2014-07-05 22:36:00,,,,,,,,,,,,,,,,,,,,,,,,
2014-07-05 22:42:00,,,,,,,,,,,,,,,,,,,,,,,,
2014-07-05 22:48:00,,,,,,,,,,,,,,,,,,,,,,,,
2014-07-05 22:54:00,,,,,,,,,,,,,,,,,,,,,,,,
2014-07-05 23:00:00,,,,,,,,,,,,,,,,,,,,,,,,
2014-07-05 23:06:00,,,,,,,,,,,,,,,,,,,,,,,,
2014-07-05 23:12:00,,,,,,,,,,,,,,,,,,,,,,,,
2014-07-05 23:18:00,,,,,,,,,,,,,,,,,,,,,,,,
2014-07-05 23:24:00,,,,,,,,,,,,,,,,,,,,,,,,
2014-07-05 23:30:00,,,,,,,,,,,,,,,,,,,,,,,,
2014-07-05 23:36:00,,,,,,,,,,,,,,,,,,,,,,,,
2014-07-05 23:42:00,,,,,,,,,,,,,,,,,,,,,,,,
2014-07-05 23:48:00,,,,,,,,,,,,,,,,,,,,,,,,
2014-07-05 23:54:00,,,,,,,,,,,,,,,,,,,,,,,,
2014-07-06 00:00:00,,,,,,,,,,,,,,,,,,,,,,,,
2014-07-06 00:06:00,,,,,,,,,,,,,,,,,,,,,,,,
2014-07-06 00:12:00,,,,,,,,,,,,,,,,,,,,,,,,
2014-07-06 00:18:00,,,,,,,,,,,,,,,,,,,,,,,,
2014-07-06 00:24:00,,,,,,,,,,,,,,,,,,,,,,,,
2014-07-06 00:30:00,,,,,,,,,,,,,,,,,,,,,,,,
2014-07-06 00:36:00,,,,,,,,,,,,,,,,,,,,,,,,
2014-07-06 00:42:00,,,,,,,,,,,,,,,,,,,,,,,,
2014-07-06 00:48:00,,,,,,,,,,,,,,,,,,,,,,,,
2014-07-06 00:54:00,,,,,,,,,,,,,,,,,,,,,,,,
2014-07-06 01:00:00,,,,,,,,,,,,,,,,,,,,,,,,
2014-07-06 01:06:00,,,,,,,,,,,,,,,,,,,,,,,,
2014-07-06 01:12:00,,,,,,,,,,,,,,,,,,,,,,,,
2014-07-06 01:18:00,,,,,,,,,,,,,,,,,,,,,,,,
2014-07-06 01:24:00,,,,,,,,,,,,,,,,,,,,,,,,
2014-07-06 01:30:00,,,,,,,,,,,,,,,,,,,,,,,,
2014-07-06 01:36:00,,,,,,,,,,,,,,,,,,,,,,,,
2014-07-06 01:42:00,,,,,,,,,,,,,,,,,,,,,,,,
2014-07-06 01:48:00,,,,,,,,,,,,,,,,,,,,,,,,
2014-07-06 01:54:00,,,,,,,,,,,,,,,,,,,,,,,,
2014-07-06 02:00:00,,,,,,,,,,,,,,,,,,,,,,,,
2014-07-06 02:06:00,,,,,,,,,,,,,,,,,,,,,,,,
2014-07-06 02:12:00,,,,,,,,,,,,,,,,,,,,,,,,
2014-07-06 02:18:00,,,,,,,,,,,,,,,,,,,,,,,,
2014-07-06 02:24:00,,,,,,,,,,,,,,,,,,,,,,,,
2014-07-06 02:30:00,,,,,,,,,,,,,,,,,,,,,,,,
2014-07-06 02:36:00,,,,,,,,,,,,,,,,,,,,,,,,
2014-07-06 02:42:00,,,,,,,,,,,,,,,,,,,,,,,,
2014-07-06 02:48:00,,,,,,,,,,,,,,,,,,,,,,,,
2014-07-06 02:54:00,,,,,,,,,,,,,,,,,,,,,,,,
2014-07-06 03:00:00,,,,,,,,,,,,,,,,,,,,,,,,
2014-07-06 03:06:00,,,,,,,,,,,,,,,,,,,,,,,,
2014-07-06 03:12:00,,,,,,,,,,,,,,,,,,,,,,,,
2014-07-06 03:18:00,,,,,,,,,,,,,,,,,,,,,,,,
2014-07-06 03:24:00,,,,,,,,,,,,,,,,,,,,,,,,
2014-07-06 03:30:00,,,,,,,,,,,,,,,,,,,,,,,,
2014-07-06 03:36:00,,,,,,,,,,,,,,,,,,,,,,,,
2014-07-06 03:42:00,,,,,,,,,,,,,,,,,,,,,,,,
2014-07-06 03:48:00,,,,,,,,,,,,,,,,,,,,,,,,
2014-07-06 03:54:00,,,,,,,,,,,,,,,,,,,,,,,,
2014-07-06 04:00:00,,,,,,,,,,,,,,,,,,,,,,,,
2014-07-06 04:06:00,,,,,,,,,,,,,,,,,,,,,,,,
2014-07-06 04:12:00,,,,,,,,,,,,,,,,,,,,,,,,
2014-07-06 04:18:00,,,,,,,,,,,,,,,,,,,,,,,,
2014-07-06 04:24:00,,,,,,,,,,,,,,,,,,,,,,,,
2014-07-06 04:30:00,,,,,,,,,,,,,,,,,,,,,,,,
2014-07-06 04:36:00,,,,,,,,,,,,,,,,,,,,,,,,
2014-07-06 04:42:00,,,,,,,,,,,,,,,,,,,,,,,,
2014-07-06 04:48:00,,,,,,,,,,,,,,,,,,,,,,,,
2014-07-06 04:54:00,,,,,,,,,,,,,,,,,,,,,,,,
2014-07-06 05:00:00,,,,,,,,,,,,,,,,,,,,,,,,
2014-07-06 05:06:00,,,,,,,,,,,,,,,,,,,,,,,,
2014-07-06 05:12:00,,,,,,,,,,,,,,,,,,,,,,,,
2014-07-06 05:18:00,,,,,,,,,,,,,,,,,,,,,,,,
2014-07-06 05:24:00,,,,,,,,,,,,,,,,,,,,,,,,
2014-07-06 05:30:00,,,,,,,,,,,,,,,,,,,,,,,,
2014-07-06 05:36:00,,,,,,,,,,,,,,,,,,,,,,,,
2014-07-06 05:42:00,,,,,,,,,,,,,,,,,,,,,,,,
2014-07-06 05:48:00,,,,,,,,,,,,,,,,,,,,,,,,
2014-07-06 05:54:00,,,,,,,,,,,,,,,,,,,,,,,,
2014-07-06 06:00:00,,,,,,,,,,,,,,,,,,,,,,,,
2014-07-06 06:06:00,,,,,,,,,,,,,,,,,,,,,,,,
2014-07-06 06:12:00,,,,,,,,,,,,,,,,,,,,,,,,
2014-07-06 06:18:00,,,,,,,,,,,,,,,,,,,,,,,,
2014-07-06 06:24:00,,,,,,,,,,,,,,,,,,,,,,,,
2014-07-06 06:30:00,,,,,,,,,,,,,,,,,,,,,,,,
2014-07-06 06:36:00,,,,,,,,,,,,,,,,,,,,,,,,
2014-07-06 06:42:00,,,,,,,,,,,,,,,,,,,,,,,,
2014-07-06 06:48:00,,,,,,,,,,,,,,,,,,,,,,,,
2014-07-06 06:54:00,,,,,,,,,,,,,,,,,,,,,,,,
2014-07-06 07:00:00,,,,,,,,,,,,,,,,,,,,,,,,
2014-07-06 07:06:00,,,,,,,,,,,,,,,,,,,,,,,,
2014-07-06 07:12:00,,,,,,,,,,,,,,,,,,,,,,,,
2014-07-06 07:18:00,,,,,,,,,,,,,,,,,,,,,,,,
2014-07-06 07:24:00,,,,,,,,,,,,,,,,,,,,,,,,
2014-07-06 07:30:00,,,,,,,,,,,,,,,,,,,,,,,,
2014-07-06 07:36:00,,,,,,,,,,,,,,,,,,,,,,,,
2014-07-06 07:42:00,,,,,,,,,,,,,,,,,,,,,,,,
2014-07-06 07:48:00,,,,,,,,,,,,,,,,,,,,,,,,
2014-07-06 07:54:00,,,,,,,,,,,,,,,,,,,,,,,,
2014-07-06 08:00:00,,,,,,,,,,,,,,,,,,,,,,,,
2014-07-06 08:06:00,,,,,,,,,,,,,,,,,,,,,,,,
2014-07-06 08:12:00,,,,,,,,,,,,,,,,,,,,,,,,
2014-07-06 08:18:00,,,,,,,,,,,,,,,,,,,,,,,,
2014-07-06 08:24:00,,,,,,,,,,,,,,,,,,,,,,,,
2014-07-06 08:30:00,,,,,,,,,,,,,,,,,,,,,,,,
2014-07-06 08:36:00,,,,,,,,,,,,,,,,,,,,,,,,
2014-07-06 08:42:00,,,,,,,,,,,,,,,,,,,,,,,,
2014-07-06 08:48:00,,,,,,,,,,,,,,,,,,,,,,,,
2014-07-06 08:54:00,,,,,,,,,,,,,,,,,,,,,,,,
2014-07-06 09:00:00,,,,,,,,,,,,,,,,,,,,,,,,
2014-07-06 09:06:00,,,,,,,,,,,,,,,,,,,,,,,,
2014-07-06 09:12:00,,,,,,,,,,,,,,,,,,,,,,,,
2014-07-06 09:18:00,,,,,,,,,,,,,,,,,,,,,,,,
2014-07-06 09:24:00,,,,,,,,,,,,,,,,,,,,,,,,
2014-07-06 09:30:00,,,,,,,,,,,,,,,,,,,,,,,,
2014-07-06 09:36:00,,,,,,,,,,,,,,,,,,,,,,,,
2014-07-06 09:42:00,,,,,,,,,,,,,,,,,,,,,,,,
2014-07-06 09:48:00,,,,,,,,,,,,,,,,,,,,,,,,
2014-07-06 09:54:00,,,,,,,,,,,,,,,,,,,,,,,,
2014-07-06 10:00:00,,,,,,,,,,,,,,,,,,,,,,,,
2014-07-06 10:06:00,,,,,,,,,,,,,,,,,,,,,,,,
2014-07-06 10:12:00,,,,,,,,,,,,,,,,,,,,,,,,
2014-07-06 10:18:00,,,,,,,,,,,,,,,,,,,,,,,,
2014-07-06 10:24:00,,,,,,,,,,,,,,,,,,,,,,,,
2014-07-06 10:30:00,,,,,,,,,,,,,,,,,,,,,,,,
2014-07-06 10:36:00,,,,,,,,,,,,,,,,,,,,,,,,
2014-07-06 10:42:00,,,,,,,,,,,,,,,,,,,,,,,,
2014-07-06 10:48:00,,,,,,,,,,,,,,,,,,,,,,,,
2014-07-06 10:54:00,,,,,,,,,,,,,,,,,,,,,,,,
2014-07-06 11:00:00,,,,,,,,,,,,,,,,,,,,,,,,
2014-07-06 11:06:00,,,,,,,,,,,,,,,,,,,,,,,,
2014-07-06 11:12:00,,,,,,,,,,,,,,,,,,,,,,,,
2014-07-06 11:18:00,,,,,,,,,,,,,,,,,,,,,,,,
2014-07-06 11:24:00,,,,,,,,,,,,,,,,,,,,,,,,
2014-07-06 11:30:00,,,,,,,,,,,,,,,,,,,,,,,,
2014-07-06 11:36:00,,,,,,,,,,,,,,,,,,,,,,,,
2014-07-06 11:42:00,,,,,,,,,,,,,,,,,,,,,,,,
2014-07-06 11:48:00,,,,,,,,,,,,,,,,,,,,,,,,
2014-07-06 11:54:00,,,,,,,,,,,,,,,,,,,,,,,,
2014-07-06 12:00:00,,,,,,,,,,,,,,,,,,,,,,,,
